Venue Name,URL,Score,Severity,Unclaimed Listing,Description Length,Photo Count,Amenity Count,Has Capacity,Has Parking,Has Catering,Has Accommodation,Has Accessibility,Has Email,Has Phone,Has Website,Has Facebook,Has Twitter/X,Has Instagram,Room Count,Issue Count,Critical Issues,Warnings,Suggestions
Abode Canterbury,https://www.kentvenues.co.uk/venues/abode-canterbury-3,31,Critical,No,550,1,0,No,No,No,Yes,No,Yes,No,Yes,Yes,Yes,Yes,2,8,2,4,2
Alexander Centre,https://www.kentvenues.co.uk/venues/alexander-centre,75,Critical,No,3404,3,0,Yes,Yes,Yes,Yes,Yes,Yes,No,Yes,Yes,Yes,Yes,1,4,1,0,3
Alexandra Suite,https://www.kentvenues.co.uk/venues/alexandra-suite-venue-hire-swanley,78,Warning,No,335,7,2,Yes,Yes,Yes,No,No,Yes,No,Yes,Yes,Yes,Yes,1,5,0,2,3
Allhallows Holiday Park,https://www.kentvenues.co.uk/venues/allhallows-holiday-park-2,24,Critical,Yes,23,3,4,No,Yes,No,No,No,Yes,No,No,Yes,Yes,Yes,0,11,2,3,6
Allington Castle,https://www.kentvenues.co.uk/venues/allington-castle,25,Critical,No,674,3,0,No,No,No,No,No,Yes,No,Yes,Yes,No,No,0,11,2,4,5
Angel Centre,https://www.kentvenues.co.uk/venues/angel-centre,16,Critical,Yes,14,3,5,No,Yes,No,No,No,Yes,No,Yes,No,Yes,No,3,10,3,3,4
Ann Robertson Centre,https://www.kentvenues.co.uk/venues/ann-robertson-centre,59,Critical,No,453,5,1,No,Yes,Yes,No,No,Yes,No,Yes,No,Yes,No,3,7,1,3,3
Ashford International Hotel,https://www.kentvenues.co.uk/venues/ashford-international-hotel,39,Critical,Yes,27,3,5,No,Yes,Yes,Yes,No,Yes,No,No,Yes,Yes,Yes,3,8,2,2,4
Assembly Hall Theatre,https://www.kentvenues.co.uk/venues/assembly-hall-theatre,17,Critical,Yes,66,2,1,No,Yes,No,No,No,Yes,No,Yes,Yes,Yes,Yes,0,11,2,5,4
Astor Community Theatre,https://www.kentvenues.co.uk/venues/astor-community-theatre,36,Critical,No,416,3,0,No,No,Yes,No,No,Yes,No,Yes,Yes,No,No,0,9,2,3,4
Avanta Bromley,https://www.kentvenues.co.uk/venues/avanta-bromley,0,Critical,Yes,87,0,0,No,No,No,No,No,No,No,No,No,No,No,0,11,5,4,2
Aylesham Welfare Leisure Centre,https://www.kentvenues.co.uk/venues/aylesham-welfare-leisure-centre,66,Critical,No,526,2,3,No,Yes,Yes,No,Yes,Yes,No,Yes,Yes,Yes,Yes,1,5,1,1,3
Barn Tunbridge Wells,https://www.kentvenues.co.uk/venues/barn-tunbridge-wells,76,Critical,No,3082,8,3,No,Yes,Yes,No,Yes,Yes,No,Yes,Yes,Yes,Yes,3,4,1,0,3
Barnehurst Golf Club,https://www.kentvenues.co.uk/venues/barnehurst-golf-club,48,Critical,No,247,4,6,No,No,Yes,No,No,Yes,No,Yes,Yes,Yes,No,0,9,1,3,5
Basepoint Chatham,https://www.kentvenues.co.uk/venues/basepoint-chatham,41,Critical,No,271,2,2,No,Yes,No,No,No,Yes,No,Yes,Yes,Yes,No,0,9,1,5,3
Baypoint Sports Club,https://www.kentvenues.co.uk/venues/baypoint-sports-club,58,Critical,No,97,5,7,No,Yes,Yes,No,No,Yes,No,Yes,Yes,Yes,Yes,0,6,1,2,3
Beach Hut Weddings,https://www.kentvenues.co.uk/venues/beach-hut-weddings,23,Critical,No,391,2,0,No,No,No,No,No,Yes,No,Yes,Yes,No,Yes,0,10,2,5,3
Beaney House of Art and Knowledge,https://www.kentvenues.co.uk/venues/beaney-house-of-art-and-knowledge,71,Critical,No,431,7,2,No,Yes,Yes,No,Yes,Yes,No,Yes,Yes,Yes,Yes,3,5,1,1,3
Beckenham Place,https://www.kentvenues.co.uk/venues/beckenham-place,30,Critical,Yes,146,3,1,No,No,Yes,No,No,Yes,No,Yes,Yes,Yes,Yes,3,10,2,4,4
Belgo Bromley,https://www.kentvenues.co.uk/venues/belgo-bromley,16,Critical,No,160,1,0,No,No,Yes,No,No,No,No,Yes,Yes,No,No,1,11,2,6,3
Best Western Abbots Barton Hotel,https://www.kentvenues.co.uk/venues/best-western-abbots-barton-hotel,46,Critical,No,440,2,2,No,No,Yes,Yes,No,Yes,No,Yes,Yes,Yes,Yes,0,8,1,4,3
Best Western Plus Dover Marina Hotel & Spa,https://www.kentvenues.co.uk/venues/best-western-plus-dover-marina-hotel-spa,54,Critical,No,636,2,4,No,No,Yes,Yes,No,Yes,No,Yes,Yes,Yes,Yes,3,6,1,3,2
Bestwestern Clifton Hotel,https://www.kentvenues.co.uk/venues/bestwestern-clifton-hotel,0,Critical,Yes,0,0,0,No,No,No,No,No,No,No,No,No,No,No,0,1,1,0,0
BestWestern Donnington Manor,https://www.kentvenues.co.uk/venues/bestwestern-donnington-manor,34,Critical,Yes,122,3,2,No,Yes,No,Yes,No,Yes,No,Yes,Yes,Yes,Yes,3,9,2,4,3
BestWestern Manor Hotel,https://www.kentvenues.co.uk/venues/bestwestern-manor-hotel,35,Critical,Yes,119,6,2,No,Yes,No,Yes,No,Yes,No,Yes,Yes,Yes,No,3,9,2,5,2
BestWestern Rose & Crown Hotel,https://www.kentvenues.co.uk/venues/bestwestern-rose-crown-hotel,31,Critical,Yes,30,6,2,No,Yes,No,Yes,No,Yes,No,No,Yes,Yes,Yes,3,9,2,4,3
BestWestern Stade Court Hotel,https://www.kentvenues.co.uk/venues/bestwestern-stade-court-hotel,17,Critical,Yes,85,4,1,No,No,No,Yes,No,Yes,No,Yes,Yes,Yes,No,2,11,2,6,3
Bewl Water,https://www.kentvenues.co.uk/venues/bewl-water-2,72,Critical,No,4022,0,2,Yes,Yes,Yes,Yes,Yes,Yes,Yes,Yes,Yes,Yes,Yes,3,3,1,1,1
Bexleyheath Marriott Hotel,https://www.kentvenues.co.uk/venues/bexleyheath-marriott-hotel,39,Critical,Yes,125,4,5,No,Yes,No,Yes,No,Yes,No,Yes,Yes,Yes,Yes,3,8,2,3,3
Biddenden Vineyards,https://www.kentvenues.co.uk/venues/biddenden-vineyards-2,52,Critical,No,528,5,0,Yes,No,No,No,No,Yes,No,Yes,Yes,Yes,Yes,1,7,1,3,3
Bilsington Festival Fields,https://www.kentvenues.co.uk/venues/bilsington-festival-fields,16,Critical,No,166,1,0,No,No,No,No,No,Yes,No,Yes,No,No,No,1,11,2,6,3
Birchwood Park Golf Centre,https://www.kentvenues.co.uk/venues/birchwood-park-golf-centre,40,Critical,Yes,136,5,5,No,Yes,No,No,No,Yes,No,Yes,Yes,Yes,Yes,1,8,2,3,3
Bloomsburys Biddenden,https://www.kentvenues.co.uk/venues/bloomsburys-biddenden,60,Critical,No,401,6,5,No,No,Yes,Yes,No,Yes,No,Yes,Yes,No,No,0,6,1,3,2
Blue Pigeons Hotel,https://www.kentvenues.co.uk/venues/blue-pigeons-hotel,50,Critical,No,145,9,2,No,No,Yes,No,No,Yes,No,Yes,Yes,Yes,Yes,2,8,1,4,3
Bluebirds Function Rooms,https://www.kentvenues.co.uk/venues/bluebirds-function-rooms,33,Critical,No,54,3,0,Yes,No,No,No,No,Yes,No,Yes,Yes,No,No,0,10,1,5,4
Bodiam Castle,https://www.kentvenues.co.uk/venues/bodiam-castle,68,Critical,No,587,3,4,No,Yes,Yes,No,Yes,Yes,No,Yes,Yes,Yes,Yes,0,6,1,0,5
Bore Place,https://www.kentvenues.co.uk/venues/bore-place,59,Critical,No,465,10,1,No,No,Yes,Yes,No,Yes,No,Yes,Yes,Yes,Yes,3,6,1,3,2
Botany Bay Hotel,https://www.kentvenues.co.uk/venues/botany-bay-hotel,29,Critical,Yes,87,3,2,No,Yes,No,Yes,No,Yes,No,Yes,Yes,Yes,Yes,3,9,2,4,3
Boughton Golf Club,https://www.kentvenues.co.uk/venues/boughton-golf-club,12,Critical,Yes,1532,0,0,Yes,No,No,Yes,No,Yes,No,Yes,No,No,No,0,10,3,4,3
Bowles,https://www.kentvenues.co.uk/venues/bowles,72,Critical,No,3826,6,0,Yes,Yes,Yes,Yes,No,Yes,No,Yes,Yes,Yes,Yes,3,4,1,1,2
Boxley Abbey,https://www.kentvenues.co.uk/venues/boxley-abbey,4,Critical,No,58,1,0,No,No,No,No,No,No,No,No,No,No,No,1,10,3,5,2
Boys Hall Manor,https://www.kentvenues.co.uk/venues/boys-hall-manor,21,Critical,Yes,90,3,2,No,Yes,No,No,No,Yes,No,Yes,Yes,No,Yes,1,11,2,5,4
Bradbourne House,https://www.kentvenues.co.uk/venues/bradbourne-house,47,Critical,No,638,6,1,No,No,No,No,No,Yes,No,Yes,Yes,Yes,Yes,3,8,1,4,3
Brands Hatch Race Circuit,https://www.kentvenues.co.uk/venues/brands-hatch-race-circuit,8,Critical,Yes,105,3,0,No,No,No,No,No,Yes,No,Yes,Yes,Yes,No,1,12,3,5,4
Brandshatch Place Hotel,https://www.kentvenues.co.uk/venues/brandshatch-place-hotel,42,Critical,Yes,96,3,4,No,Yes,Yes,Yes,No,Yes,No,Yes,Yes,Yes,Yes,3,7,2,2,3
Bredhurst Village Hall,https://www.kentvenues.co.uk/venues/bredhurst-village-hall,31,Critical,Yes,89,5,3,No,No,Yes,No,No,Yes,No,Yes,Yes,No,No,1,9,2,4,3
Brenley Farm,https://www.kentvenues.co.uk/venues/brenley-farm-2,89,Warning,No,3315,7,2,Yes,Yes,Yes,Yes,Yes,Yes,No,Yes,Yes,No,No,3,3,0,2,1
Bridgewood Manor Chatham Kent,https://www.kentvenues.co.uk/venues/bridgewood-manor-chatham-kent,87,Warning,No,1758,6,8,Yes,Yes,Yes,Yes,No,Yes,No,Yes,Yes,Yes,Yes,3,3,0,1,2
Broadstairs Pavilion,https://www.kentvenues.co.uk/venues/broadstairs-pavilion,3,Critical,Yes,93,3,0,No,No,No,No,No,Yes,No,Yes,Yes,Yes,No,1,12,3,5,4
Brogdale Farm,https://www.kentvenues.co.uk/venues/brogdale-farm,0,Critical,Yes,97,0,0,No,No,No,No,No,Yes,No,No,No,No,No,0,13,4,5,4
Brokehill Golf Club,https://www.kentvenues.co.uk/venues/brokehill-golf-club,0,Critical,Yes,139,1,0,No,No,No,No,No,Yes,No,Yes,Yes,No,No,0,13,3,6,4
Bromley Conference Centre,https://www.kentvenues.co.uk/venues/bromley-conference-centre,0,Critical,Yes,123,0,0,No,No,No,No,No,Yes,No,Yes,No,No,No,1,12,4,5,3
The Bromley Court Hotel,https://www.kentvenues.co.uk/venues/bromley-court-hotel,11,Critical,Yes,87,3,0,No,No,No,Yes,No,Yes,No,Yes,Yes,Yes,Yes,3,10,3,4,3
Bromley Education Development Centre,https://www.kentvenues.co.uk/venues/bromley-education-development-centre,0,Critical,Yes,120,0,0,No,No,No,No,No,Yes,No,No,No,No,No,0,14,4,5,5
Bromley Football Club,https://www.kentvenues.co.uk/venues/bromley-football-club,17,Critical,Yes,122,7,0,No,No,No,No,No,Yes,No,Yes,Yes,Yes,Yes,3,10,3,4,3
Broome Park Golf & Country Club,https://www.kentvenues.co.uk/venues/broome-park-golf-country-club,25,Critical,Yes,98,2,3,No,Yes,No,No,No,Yes,No,Yes,Yes,Yes,Yes,1,9,2,4,3
Broome Park Hotel,https://www.kentvenues.co.uk/venues/broome-park-hotel,31,Critical,No,142,3,0,No,No,No,Yes,No,Yes,No,Yes,Yes,Yes,Yes,3,9,2,4,3
Browns Bluewater,https://www.kentvenues.co.uk/venues/browns-bluewater,25,Critical,Yes,119,4,2,No,Yes,Yes,No,No,No,No,No,Yes,Yes,Yes,1,11,2,4,5
Buckmore Park Karting,https://www.kentvenues.co.uk/venues/buckmore-park-karting-ltd,12,Critical,Yes,133,3,0,No,No,No,No,No,Yes,No,Yes,Yes,Yes,Yes,1,11,3,4,4
The Bull Inn Hotel,https://www.kentvenues.co.uk/venues/bull-inn-hotel,21,Critical,Yes,85,3,1,No,No,No,Yes,No,Yes,No,Yes,Yes,Yes,Yes,3,10,2,5,3
Burrswood Conference Centre,https://www.kentvenues.co.uk/venues/burrswood-conference-centre,0,Critical,Yes,95,1,0,No,No,No,No,No,No,No,No,No,No,No,0,12,4,5,3
Cafe Rouge Canterbury,https://www.kentvenues.co.uk/venues/cafe-rouge-canterbury,45,Critical,No,492,5,0,No,No,Yes,No,No,Yes,No,Yes,Yes,Yes,Yes,1,7,2,2,3
Calverley House Business & Conference Centre,https://www.kentvenues.co.uk/venues/calverley-house-business-conference-centre,0,Critical,Yes,135,0,0,No,No,No,No,No,Yes,No,Yes,No,No,No,0,13,4,5,4
Camden Place,https://www.kentvenues.co.uk/venues/camden-place,35,Critical,Yes,121,5,2,No,Yes,No,No,No,Yes,No,Yes,Yes,Yes,Yes,1,9,2,4,3
Campanile Dartford,https://www.kentvenues.co.uk/venues/campanile-dartford,34,Critical,Yes,165,4,2,No,Yes,No,Yes,No,Yes,No,Yes,Yes,Yes,Yes,3,9,2,4,3
Canterbury Cathedral Lodge,https://www.kentvenues.co.uk/venues/canterbury-cathedral-lodge,79,Warning,No,1898,6,3,Yes,No,Yes,Yes,No,Yes,No,Yes,Yes,Yes,Yes,2,4,0,2,2
Canterbury Christ Church University,https://www.kentvenues.co.uk/venues/canterbury-christ-church-university,41,Critical,No,278,6,1,No,No,No,Yes,No,No,No,Yes,Yes,Yes,Yes,3,8,1,5,2
Cave Hotel & Golf Resort,https://www.kentvenues.co.uk/venues/cave-hotel-golf-resort,90,Warning,No,3773,15,17,Yes,No,Yes,Yes,Yes,Yes,No,Yes,Yes,Yes,Yes,3,2,0,1,1
CC Rooms,https://www.kentvenues.co.uk/venues/cc-rooms,34,Critical,No,1086,0,0,Yes,No,Yes,No,No,Yes,No,Yes,No,No,No,0,8,2,3,3
Chafford Park,https://www.kentvenues.co.uk/venues/chafford-park,1,Critical,No,0,2,0,No,No,No,No,No,Yes,No,Yes,No,No,No,0,11,3,5,3
Chapter One,https://www.kentvenues.co.uk/venues/chapter-one,30,Critical,Yes,95,5,2,No,Yes,No,No,No,Yes,No,Yes,Yes,Yes,Yes,2,9,2,4,3
Charlton Place,https://www.kentvenues.co.uk/venues/charlton-place,55,Critical,No,433,6,2,No,No,Yes,No,No,Yes,No,Yes,Yes,Yes,Yes,0,7,1,3,3
Chart Hills Golf Club,https://www.kentvenues.co.uk/venues/chart-hills-golf-club-2,47,Critical,Yes,101,4,5,No,Yes,Yes,No,Yes,Yes,No,Yes,Yes,Yes,No,3,8,2,2,4
Chartwell,https://www.kentvenues.co.uk/venues/chartwell,7,Critical,Yes,100,1,0,No,No,No,No,No,Yes,No,Yes,Yes,Yes,Yes,1,11,3,5,3
Chaucer Hotel,https://www.kentvenues.co.uk/venues/chaucer-hotel,10,Critical,Yes,82,0,3,No,Yes,Yes,Yes,No,No,No,No,Yes,No,No,3,10,3,4,3
Chiddingstone Castle,https://www.kentvenues.co.uk/venues/chiddingstone-castle,23,Critical,No,148,4,0,No,No,No,No,No,Yes,No,Yes,Yes,No,Yes,3,11,2,5,4
Chilham Village Hall,https://www.kentvenues.co.uk/venues/chilham-village-hall,48,Critical,No,248,8,1,No,Yes,No,No,No,Yes,No,Yes,Yes,No,No,0,9,1,4,4
Chilston Park Country House,https://www.kentvenues.co.uk/venues/chilston-park-country-house-hotel,34,Critical,Yes,117,3,2,No,Yes,No,Yes,No,Yes,No,Yes,Yes,Yes,Yes,3,9,2,4,3
Chislehurst Methodist Church,https://www.kentvenues.co.uk/venues/chislehurst-methodist-church,27,Critical,No,290,2,0,No,No,No,Yes,No,Yes,No,Yes,Yes,No,No,3,9,2,5,2
Churchill Theatre,https://www.kentvenues.co.uk/venues/churchill-theatre,38,Critical,Yes,100,3,2,No,Yes,Yes,No,No,Yes,No,Yes,Yes,Yes,Yes,3,9,2,3,4
Cineworld Ashford,https://www.kentvenues.co.uk/venues/cineworld-ashford,86,Warning,No,754,4,6,Yes,Yes,Yes,Yes,Yes,Yes,No,Yes,Yes,Yes,No,0,4,0,1,3
Cineworld Bexleyheath,https://www.kentvenues.co.uk/venues/cineworld-bexleyheath,63,Critical,No,631,0,3,Yes,Yes,No,Yes,Yes,Yes,No,Yes,Yes,Yes,No,1,5,1,2,2
Cineworld Rochester,https://www.kentvenues.co.uk/venues/cineworld-rochester,58,Critical,No,476,1,0,Yes,Yes,Yes,Yes,No,Yes,No,Yes,Yes,Yes,No,1,6,1,3,2
Cinnamon Culture,https://www.kentvenues.co.uk/venues/cinnamon-culture,59,Critical,No,1897,3,0,Yes,No,Yes,Yes,No,Yes,No,Yes,Yes,Yes,Yes,1,6,1,2,3
Club Langley,https://www.kentvenues.co.uk/venues/club-langley,77,Warning,No,722,4,2,Yes,Yes,Yes,No,Yes,Yes,No,Yes,Yes,No,No,3,6,0,2,4
Cobtree Manor,https://www.kentvenues.co.uk/venues/cobtree-manor-park-golf-course,50,Critical,No,1914,2,4,No,No,Yes,Yes,No,Yes,No,Yes,Yes,Yes,No,1,7,1,4,2
Comfort Inn Ramsgate,https://www.kentvenues.co.uk/venues/comfort-inn-ramsgate,68,Critical,No,488,6,8,No,Yes,Yes,Yes,No,Yes,No,Yes,Yes,Yes,No,1,5,1,2,2
Cooling Castle Barn,https://www.kentvenues.co.uk/venues/cooling-castle-barn,17,Critical,Yes,129,6,0,No,No,No,No,No,Yes,No,Yes,Yes,Yes,Yes,3,10,3,4,3
Copper Rivet Distillery,https://www.kentvenues.co.uk/venues/copper-rivet-distillery,50,Critical,No,169,7,1,No,Yes,No,No,No,Yes,No,Yes,Yes,Yes,Yes,1,8,1,4,3
Cornerstone B&B,https://www.kentvenues.co.uk/venues/cornerstone-bb,44,Critical,No,1608,4,0,No,No,No,Yes,Yes,Yes,No,Yes,Yes,Yes,Yes,1,7,2,2,3
Cornwallis Suite,https://www.kentvenues.co.uk/venues/cornwallis-suite,3,Critical,Yes,58,3,0,No,No,No,No,No,Yes,No,Yes,Yes,No,No,1,12,3,5,4
County Ground Beckenham,https://www.kentvenues.co.uk/venues/county-ground-beckenham,60,Critical,No,893,7,0,Yes,No,Yes,No,No,Yes,No,Yes,Yes,Yes,Yes,1,6,1,2,3
County Hall,https://www.kentvenues.co.uk/venues/county-hall,0,Critical,Yes,94,0,0,No,No,No,No,No,No,No,No,No,No,No,0,12,5,4,3
County Hotel,https://www.kentvenues.co.uk/venues/county-hotel,0,Critical,Yes,80,0,3,No,No,Yes,Yes,No,No,No,Yes,No,No,No,0,11,3,5,3
Court Lodge Estate,https://www.kentvenues.co.uk/venues/court-lodge-estate,0,Critical,Yes,90,2,0,No,No,No,No,No,No,No,Yes,Yes,Yes,Yes,0,13,3,6,4
Crofton Halls,https://www.kentvenues.co.uk/venues/crofton-halls,28,Critical,No,404,2,0,No,No,Yes,No,No,Yes,No,Yes,No,Yes,No,0,10,2,4,4
Crown Inn,https://www.kentvenues.co.uk/venues/crown-inn,56,Critical,No,410,1,4,No,Yes,Yes,Yes,No,Yes,No,Yes,No,No,No,3,6,1,3,2
Curzon Canterbury,https://www.kentvenues.co.uk/venues/curzon-canterbury,4,Critical,Yes,93,3,0,No,No,No,No,No,Yes,No,No,Yes,Yes,Yes,1,12,3,4,5
Danson House,https://www.kentvenues.co.uk/venues/danson-house,28,Critical,No,357,4,0,No,No,No,No,No,Yes,No,Yes,Yes,No,No,0,10,2,4,4
Darling Buds Farm,https://www.kentvenues.co.uk/venues/darling-buds-farm,43,Critical,No,398,6,0,Yes,No,No,Yes,No,No,No,No,No,No,No,0,6,2,3,1
Deal Town Hall,https://www.kentvenues.co.uk/venues/deal-town-hall,32,Critical,No,666,1,0,No,No,Yes,Yes,No,Yes,No,Yes,Yes,No,No,0,9,2,4,3
Detling Corporate Services Conference Room,https://www.kentvenues.co.uk/venues/detling-corporate-services-conference-room,0,Critical,No,74,0,0,No,No,No,No,No,No,No,Yes,No,No,No,1,12,3,6,3
Diggerland,https://www.kentvenues.co.uk/venues/diggerland,25,Critical,Yes,127,2,1,No,Yes,No,No,No,Yes,No,Yes,Yes,Yes,Yes,1,10,2,5,3
Dode Church,https://www.kentvenues.co.uk/venues/dode-church,0,Critical,Yes,79,0,0,No,No,No,No,No,Yes,No,No,No,No,No,0,13,4,5,4
Dog & Bear Hotel,https://www.kentvenues.co.uk/venues/dog-bear-hotel,40,Critical,Yes,106,6,3,No,No,Yes,Yes,No,Yes,No,Yes,Yes,No,Yes,3,8,2,4,2
Donnington Manor,https://www.kentvenues.co.uk/venues/donnington-manor,83,Warning,No,719,7,4,Yes,Yes,Yes,Yes,No,Yes,No,Yes,Yes,Yes,No,3,4,0,2,2
DoubleTree by Hilton Dartford Bridge,https://www.kentvenues.co.uk/venues/doubletree-by-hilton-dartford-bridge,60,Critical,No,325,4,7,No,Yes,Yes,No,No,Yes,No,No,Yes,Yes,Yes,3,7,1,1,5
Dover Town Hall,https://www.kentvenues.co.uk/venues/dover-town-hall,16,Critical,Yes,68,2,1,No,Yes,No,No,No,Yes,No,Yes,Yes,Yes,No,1,11,2,6,3
Dreamland Margate,https://www.kentvenues.co.uk/venues/dreamland-margate-2,94,Suggestions,No,3414,10,3,Yes,Yes,Yes,No,Yes,Yes,No,Yes,Yes,Yes,Yes,3,2,0,0,2
Due Amici Ristorante,https://www.kentvenues.co.uk/venues/due-amici-ristorante,0,Critical,Yes,0,0,0,No,No,No,No,No,No,No,No,No,No,No,0,1,1,0,0
East Kent College,https://www.kentvenues.co.uk/venues/east-kent-college,0,Critical,Yes,75,0,0,No,No,No,No,No,Yes,No,No,No,No,No,0,13,4,5,4
East Quay venue,https://www.kentvenues.co.uk/venues/east-quay-venue,76,Warning,No,1308,3,3,Yes,Yes,Yes,Yes,No,Yes,No,Yes,No,No,No,0,5,0,2,3
Eastwell Manor,https://www.kentvenues.co.uk/venues/eastwell-manor-2,67,Critical,No,1278,4,4,No,No,Yes,Yes,Yes,Yes,No,Yes,Yes,Yes,Yes,3,5,1,1,3
Eastwell Park Boathouse,https://www.kentvenues.co.uk/venues/eastwell-park-boathouse,23,Critical,No,363,0,0,Yes,No,No,Yes,No,No,No,No,No,No,No,0,7,3,3,1
Edenwood Place,https://www.kentvenues.co.uk/venues/edenwood-place,1,Critical,No,0,2,0,No,No,No,No,No,Yes,No,Yes,No,No,No,0,11,3,5,3
Elham Village Hall,https://www.kentvenues.co.uk/venues/elham-village-hall,54,Critical,No,810,5,2,No,Yes,Yes,No,No,Yes,No,Yes,No,No,No,0,8,1,3,4
Elite Venue,https://www.kentvenues.co.uk/venues/elite-venue-3,87,Warning,No,3101,12,4,Yes,Yes,Yes,No,Yes,Yes,No,Yes,Yes,Yes,No,3,4,0,1,3
Elvey Farm,https://www.kentvenues.co.uk/venues/elvey-farm,64,Warning,No,1456,2,1,Yes,No,Yes,Yes,No,Yes,No,Yes,Yes,Yes,Yes,0,6,0,4,2
Etchinghill Golf Club,https://www.kentvenues.co.uk/venues/etchinghill-golf-club,47,Critical,No,290,4,1,No,Yes,No,No,No,Yes,No,No,Yes,Yes,Yes,1,9,1,3,5
Everest Inn Ashford,https://www.kentvenues.co.uk/venues/everest-inn-ashford,78,Warning,No,958,3,3,Yes,No,Yes,No,Yes,Yes,No,Yes,Yes,Yes,Yes,1,5,0,1,4
Everest Inn Hythe,https://www.kentvenues.co.uk/venues/everest-inn-hythe,68,Critical,No,1181,6,0,Yes,No,Yes,No,Yes,Yes,No,Yes,Yes,Yes,Yes,0,5,1,1,3
Falconhurst,https://www.kentvenues.co.uk/venues/falconhurst,52,Critical,No,300,5,0,Yes,No,No,No,No,Yes,No,Yes,Yes,Yes,Yes,3,7,1,3,3
Falstaff Hotel,https://www.kentvenues.co.uk/venues/falstaff-hotel,42,Critical,Yes,88,4,4,No,Yes,Yes,Yes,No,Yes,No,Yes,Yes,Yes,Yes,3,7,2,2,3
The Ferry Inn,https://www.kentvenues.co.uk/venues/ferry-inn,57,Critical,No,3382,7,0,No,Yes,Yes,No,Yes,Yes,No,Yes,Yes,Yes,No,1,6,2,1,3
Folkestone Basepoint,https://www.kentvenues.co.uk/venues/folkestone-basepoint,21,Critical,Yes,145,2,2,No,Yes,No,No,No,Yes,No,Yes,Yes,Yes,No,1,11,2,6,3
Fordwich Town Hall,https://www.kentvenues.co.uk/venues/fordwich-town-hall,43,Critical,No,654,1,0,Yes,No,Yes,No,No,Yes,No,Yes,Yes,No,No,0,9,1,4,4
Fort Road Hotel,https://www.kentvenues.co.uk/venues/fort-road-hotel,63,Warning,No,838,8,12,Yes,No,Yes,Yes,No,No,No,Yes,No,No,No,0,6,0,4,2
Frankie and Benny's Bexleyheath,https://www.kentvenues.co.uk/venues/frankie-and-bennys-bexleyheath,30,Critical,No,313,3,0,No,No,Yes,No,No,No,No,Yes,Yes,Yes,Yes,1,9,2,3,4
Frankie and Benny's Orpington,https://www.kentvenues.co.uk/venues/frankie-and-bennys-orpington,30,Critical,No,491,3,0,No,No,Yes,No,No,No,No,Yes,Yes,Yes,Yes,0,9,2,3,4
Frasers,https://www.kentvenues.co.uk/venues/frasers,64,Critical,No,447,8,3,No,No,Yes,Yes,No,Yes,No,Yes,Yes,Yes,Yes,3,5,1,2,2
G Casino,https://www.kentvenues.co.uk/venues/g-casino,62,Critical,No,498,1,4,No,Yes,Yes,No,Yes,Yes,No,Yes,Yes,Yes,No,0,6,1,2,3
Girne American University,https://www.kentvenues.co.uk/venues/girne-american-university,23,Critical,No,110,0,0,Yes,No,No,No,No,Yes,No,Yes,Yes,No,No,1,10,2,5,3
Go Ape Bedgebury,https://www.kentvenues.co.uk/venues/go-ape-bedgebury,32,Critical,No,270,4,0,No,No,No,No,No,Yes,No,Yes,Yes,Yes,Yes,1,9,2,3,4
Go Ape Leeds Castle,https://www.kentvenues.co.uk/venues/go-ape-leeds-castle,22,Critical,No,99,3,0,No,No,No,No,No,Yes,No,Yes,Yes,Yes,Yes,1,10,2,4,4
Goodnestone Park,https://www.kentvenues.co.uk/venues/goodnestone-park,30,Critical,Yes,98,7,2,No,Yes,No,No,No,Yes,No,Yes,Yes,Yes,Yes,1,9,2,4,3
Grange Moor Hotel,https://www.kentvenues.co.uk/venues/grange-moor-hotel,53,Critical,No,674,4,3,No,No,Yes,Yes,No,Yes,No,Yes,No,No,No,3,7,1,3,3
Grangemoor Hotel,https://www.kentvenues.co.uk/venues/grangemoor-hotel,58,Critical,No,1248,4,3,No,Yes,Yes,Yes,No,Yes,No,Yes,No,No,No,0,7,1,2,4
Gravesend Old Town Hall,https://www.kentvenues.co.uk/venues/gravesend-old-town-hall,27,Critical,No,798,2,0,No,No,No,No,No,Yes,No,Yes,Yes,Yes,Yes,3,9,2,4,3
Greene King Brewery,https://www.kentvenues.co.uk/venues/green-king-brewery,11,Critical,No,366,0,0,No,No,No,No,No,Yes,No,Yes,No,No,No,0,10,3,4,3
Greenhill Farm,https://www.kentvenues.co.uk/venues/greenhill-farm,18,Critical,No,99,3,0,No,No,No,No,No,Yes,No,Yes,Yes,No,Yes,0,11,2,5,4
Groombridge Place,https://www.kentvenues.co.uk/venues/groombridge-place,55,Critical,No,398,5,2,No,No,Yes,No,No,Yes,No,Yes,Yes,Yes,Yes,3,7,1,3,3
Grove Ferry Inn,https://www.kentvenues.co.uk/venues/grove-ferry-inn,12,Critical,Yes,92,5,0,No,No,No,No,No,Yes,No,Yes,Yes,Yes,Yes,0,10,3,4,3
Hadlow Bar and Grill,https://www.kentvenues.co.uk/venues/hadlow-bar-and-grill,44,Critical,No,743,1,0,Yes,No,Yes,No,No,Yes,No,Yes,No,No,No,0,8,1,4,3
Hadlow Manor Hotel,https://www.kentvenues.co.uk/venues/hadlow-manor-hotel,52,Critical,Yes,142,5,4,No,Yes,Yes,Yes,No,Yes,No,Yes,Yes,Yes,Yes,1,6,2,2,2
Halfway House,https://www.kentvenues.co.uk/venues/halfway-house,58,Critical,No,849,3,1,No,No,Yes,No,Yes,Yes,No,Yes,Yes,Yes,Yes,1,7,1,2,4
Hall Place,https://www.kentvenues.co.uk/venues/hall-place,50,Critical,No,454,5,0,No,No,Yes,No,Yes,Yes,No,Yes,Yes,Yes,Yes,0,7,2,1,4
Hampton by Hilton Canterbury,https://www.kentvenues.co.uk/venues/hampton-by-hilton-canterbury,76,Critical,No,674,6,8,No,Yes,Yes,Yes,Yes,Yes,No,Yes,Yes,No,No,0,4,1,1,2
Havenfield Hall,https://www.kentvenues.co.uk/venues/havenfield-hall,35,Critical,No,355,4,0,No,No,Yes,Yes,No,Yes,No,Yes,No,No,No,0,9,2,3,4
Hayne House,https://www.kentvenues.co.uk/venues/hayne-house,80,Critical,No,2174,17,10,No,Yes,Yes,Yes,Yes,Yes,No,Yes,Yes,Yes,Yes,3,3,1,0,2
Hazlitt Arts Centre,https://www.kentvenues.co.uk/venues/hazlitt-arts-centre,25,Critical,Yes,81,3,2,No,Yes,No,No,No,Yes,No,Yes,Yes,Yes,Yes,1,10,2,4,4
Hempstead House,https://www.kentvenues.co.uk/venues/hempstead-house,35,Critical,No,237,2,0,No,No,Yes,Yes,No,Yes,No,Yes,Yes,Yes,No,0,8,2,4,2
Hengist Village Bar and Dining Rooms,https://www.kentvenues.co.uk/venues/hengist-village-bar-and-dining-rooms,0,Critical,No,0,0,0,No,No,No,No,No,Yes,No,Yes,No,No,No,0,11,4,4,3
Herne Community Centre,https://www.kentvenues.co.uk/venues/herne-community-centre,20,Critical,No,385,2,0,No,No,No,No,No,Yes,No,Yes,Yes,No,No,0,11,2,5,4
Herne Institute Hall,https://www.kentvenues.co.uk/venues/herne-institute-hall,0,Critical,No,0,0,0,No,No,No,No,No,No,No,No,No,No,No,0,11,5,3,3
Herons Park,https://www.kentvenues.co.uk/venues/herons-park,46,Critical,No,110,5,2,No,Yes,No,No,No,Yes,No,Yes,Yes,No,Yes,1,9,1,5,3
Herons Park Venue,https://www.kentvenues.co.uk/venues/herons-park-venue,28,Critical,No,288,4,0,No,No,No,No,No,Yes,No,Yes,Yes,No,No,0,10,2,4,4
Hever Castle,https://www.kentvenues.co.uk/venues/hever-castle,55,Critical,No,748,11,2,No,Yes,No,No,No,Yes,No,Yes,Yes,Yes,Yes,3,7,1,3,3
Hever Hotel,https://www.kentvenues.co.uk/venues/hever-hotel,0,Critical,No,0,0,0,No,No,No,No,No,Yes,No,Yes,No,No,No,0,12,4,4,4
High Elms Golf Course,https://www.kentvenues.co.uk/venues/high-elms-golf-course,48,Critical,No,823,3,3,No,No,Yes,No,No,Yes,No,Yes,Yes,Yes,No,0,9,1,3,5
High Rocks,https://www.kentvenues.co.uk/venues/high-rocks,43,Critical,Yes,73,5,4,No,Yes,Yes,No,No,Yes,No,Yes,Yes,Yes,Yes,3,7,2,2,3
Hilton Dartford Bridge Hotel,https://www.kentvenues.co.uk/venues/hilton-dartford-bridge-hotel,61,Critical,No,210,6,3,No,Yes,Yes,No,No,Yes,No,Yes,Yes,No,No,0,7,1,2,4
Holiday Inn Ashford Central,https://www.kentvenues.co.uk/venues/holiday-inn-ashford-central,60,Critical,No,455,4,5,No,Yes,Yes,Yes,No,Yes,No,No,Yes,Yes,No,1,7,1,2,4
Holiday Inn Ashford North,https://www.kentvenues.co.uk/venues/holiday-inn-ashford-north,68,Critical,No,2451,3,0,Yes,Yes,Yes,Yes,Yes,Yes,No,No,Yes,Yes,No,1,6,1,1,4
Holiday Inn Ashford North A20,https://www.kentvenues.co.uk/venues/holiday-inn-ashford-north-a20,55,Critical,No,294,2,4,No,Yes,Yes,Yes,No,Yes,No,No,Yes,Yes,No,1,7,1,3,3
Holiday Inn Dover,https://www.kentvenues.co.uk/venues/holiday-inn-dover,73,Warning,No,922,8,3,Yes,No,Yes,Yes,No,Yes,No,Yes,No,No,No,3,5,0,3,2
Holiday Inn Express Canterbury,https://www.kentvenues.co.uk/venues/holiday-inn-express-canterbury,57,Critical,No,378,7,3,No,No,Yes,Yes,No,Yes,No,No,Yes,No,No,3,7,1,3,3
Holiday Inn Express Folkestone,https://www.kentvenues.co.uk/venues/holiday-inn-express-folkestone,53,Critical,No,95,5,4,No,Yes,Yes,Yes,No,Yes,No,No,No,No,No,3,7,1,3,3
Holiday Inn Express London Dartford,https://www.kentvenues.co.uk/venues/holiday-inn-express-london-dartford,60,Critical,No,292,4,3,No,Yes,Yes,Yes,No,Yes,No,No,Yes,No,No,2,7,1,2,4
Holiday Inn Express Ramsgate Minster,https://www.kentvenues.co.uk/venues/holiday-inn-express-ramsgate-minster,68,Critical,No,343,5,5,No,Yes,Yes,Yes,No,Yes,No,Yes,Yes,Yes,No,2,5,1,2,2
Holiday Inn London Bexley,https://www.kentvenues.co.uk/venues/holiday-inn-london-bexley,58,Critical,No,152,5,7,No,Yes,Yes,Yes,Yes,No,No,No,Yes,Yes,No,3,7,1,3,3
Holiday Inn Maidstone - Sevenoaks,https://www.kentvenues.co.uk/venues/holiday-inn-maidstone-sevenoaks,48,Critical,No,371,2,3,No,Yes,Yes,Yes,No,No,No,Yes,No,Yes,No,0,7,1,4,2
Holiday Inn Rochester-Chatham,https://www.kentvenues.co.uk/venues/holiday-inn-rochester-chatham,55,Critical,No,480,6,6,No,Yes,No,Yes,Yes,No,No,No,Yes,No,No,3,7,1,3,3
Holiday Inn Sittingbourne,https://www.kentvenues.co.uk/venues/holiday-inn-sittingbourne,75,Warning,No,615,4,5,Yes,Yes,Yes,Yes,No,Yes,No,No,Yes,Yes,No,1,6,0,2,4
Hooden Smokehouse & Cellar,https://www.kentvenues.co.uk/venues/hooden-on-the-hill,58,Critical,No,847,3,2,No,Yes,No,No,Yes,Yes,No,Yes,Yes,Yes,Yes,1,7,1,2,4
Hotel du Vin & Bistro Tunbridge Wells,https://www.kentvenues.co.uk/venues/hotel-du-vin-bistro-tunbridge-wells,57,Critical,No,478,6,3,No,No,Yes,No,No,Yes,No,No,Yes,Yes,Yes,3,7,1,2,4
Hotel Tunbridge Wells Retreat,https://www.kentvenues.co.uk/venues/hotel-tunbridge-wells-retreat,55,Critical,No,269,6,4,No,Yes,Yes,Yes,No,No,No,Yes,Yes,No,No,0,7,1,3,3
Howfield Manor Hotel,https://www.kentvenues.co.uk/venues/howfield-manor-hotel,60,Critical,No,1752,4,0,No,Yes,Yes,Yes,Yes,Yes,No,Yes,Yes,Yes,Yes,3,5,2,0,3
Hush Heath Estate & Winery,https://www.kentvenues.co.uk/venues/hush-heath-estate-winery,58,Critical,No,267,3,2,No,Yes,No,No,Yes,Yes,No,Yes,Yes,Yes,Yes,1,7,1,2,4
Hythe Holiday Cottage,https://www.kentvenues.co.uk/venues/hythe-holiday-cottage,57,Critical,No,1142,14,3,No,Yes,No,Yes,No,Yes,No,No,Yes,No,No,1,7,1,3,3
Inn On The Lake,https://www.kentvenues.co.uk/venues/inn-on-the-lake,34,Critical,Yes,78,9,2,No,Yes,No,Yes,No,Yes,No,Yes,Yes,Yes,Yes,3,8,2,4,2
Judd's Folly Hotel,https://www.kentvenues.co.uk/venues/judds-folly-hotel,60,Critical,No,316,4,4,No,Yes,Yes,Yes,No,Yes,No,Yes,Yes,No,No,0,7,1,2,4
Judds Folly Hotel,https://www.kentvenues.co.uk/venues/judds-folly-hotel-2,37,Critical,No,378,4,0,No,No,Yes,Yes,No,Yes,No,Yes,Yes,No,No,0,9,2,3,4
K College,https://www.kentvenues.co.uk/venues/k-college,7,Critical,Yes,71,4,0,No,No,No,No,No,Yes,No,Yes,Yes,Yes,Yes,1,11,3,4,4
Kennington Hall,https://www.kentvenues.co.uk/venues/kennington-hall,30,Critical,No,400,6,0,No,No,No,No,No,Yes,No,Yes,Yes,No,No,0,10,2,4,4
Kent County Cricket Club,https://www.kentvenues.co.uk/venues/kent-county-cricket-club,73,Warning,No,368,3,1,Yes,Yes,Yes,No,No,Yes,No,Yes,Yes,Yes,Yes,2,6,0,2,4
Kent Event Centre,https://www.kentvenues.co.uk/venues/kent-event-centre,90,Warning,No,2291,8,1,Yes,Yes,Yes,Yes,Yes,Yes,No,Yes,Yes,Yes,Yes,3,3,0,1,2
Kent Invicta Chamber of Commerce,https://www.kentvenues.co.uk/venues/kent-invicta-chamber-commerce,81,Critical,No,3460,7,0,Yes,Yes,Yes,No,Yes,Yes,Yes,Yes,Yes,Yes,Yes,1,2,1,0,1
Kent Life,https://www.kentvenues.co.uk/venues/kent-life,7,Critical,Yes,92,4,0,No,No,No,No,No,Yes,No,Yes,Yes,Yes,Yes,0,11,3,4,4
Kent Science Park,https://www.kentvenues.co.uk/venues/kent-science-park,18,Critical,No,55,3,0,No,No,No,No,No,Yes,No,Yes,Yes,Yes,No,0,11,2,5,4
Kenward Conference Centre,https://www.kentvenues.co.uk/venues/kenward-conference-centre,57,Critical,No,373,4,3,No,Yes,Yes,No,No,Yes,No,Yes,No,No,No,2,7,1,2,4
Kevington Hall,https://www.kentvenues.co.uk/venues/kevington-hall,20,Critical,No,197,3,0,No,No,No,No,No,Yes,No,Yes,Yes,No,Yes,0,12,2,5,5
King Charles Hotel,https://www.kentvenues.co.uk/venues/king-charles-hotel,56,Critical,No,244,10,2,No,No,Yes,Yes,No,Yes,No,Yes,Yes,Yes,Yes,0,7,1,3,3
Kingfisher House Business Centre,https://www.kentvenues.co.uk/venues/kingfisher-house-business-centre,63,Critical,No,459,5,2,No,Yes,Yes,No,No,Yes,No,Yes,Yes,Yes,Yes,3,6,1,2,3
Kings Rochester Sports Centre,https://www.kentvenues.co.uk/venues/kings-rochester-sports-centre-hire,88,Warning,No,4769,2,7,Yes,Yes,Yes,Yes,Yes,Yes,No,Yes,Yes,Yes,Yes,3,2,0,1,1
Kingshill Barn,https://www.kentvenues.co.uk/venues/kingshill-barn,28,Critical,No,407,2,0,No,No,No,Yes,No,Yes,No,Yes,Yes,Yes,Yes,0,9,2,4,3
Kingshill Farm at Elmley Nature Reserve,https://www.kentvenues.co.uk/venues/kingshill-farm-at-elmley-nature-reserve,41,Critical,No,407,5,0,No,No,No,Yes,No,Yes,No,Yes,Yes,Yes,Yes,0,7,2,3,2
Kingswood - Grosvenor Hall,https://www.kentvenues.co.uk/venues/kingswood-grosvenor-hall,35,Critical,No,220,2,0,No,No,Yes,No,No,Yes,No,Yes,Yes,Yes,Yes,1,8,2,3,3
Knole Park Golf Club Ltd,https://www.kentvenues.co.uk/venues/knole-park-golf-club-ltd,58,Critical,No,189,3,5,No,Yes,Yes,No,No,Yes,No,Yes,Yes,Yes,Yes,2,7,1,2,4
Knowle Country House,https://www.kentvenues.co.uk/venues/knowle-country-house,51,Critical,No,200,5,2,No,No,Yes,No,No,Yes,No,Yes,Yes,No,Yes,0,8,1,4,3
Knowlton Court,https://www.kentvenues.co.uk/venues/knowlton-court,51,Critical,No,363,5,2,No,Yes,No,No,No,Yes,No,Yes,Yes,Yes,No,3,8,1,4,3
La Trappiste,https://www.kentvenues.co.uk/venues/la-trappiste,12,Critical,No,636,0,0,No,No,Yes,No,No,No,No,No,No,No,No,0,8,4,2,2
Larkfield Priory Hotel,https://www.kentvenues.co.uk/venues/larkfield-priory-hotel,46,Critical,No,382,8,0,No,No,Yes,Yes,No,Yes,No,No,Yes,Yes,Yes,1,7,2,2,3
Leaf Hotel Dover,https://www.kentvenues.co.uk/venues/leaf-hotel-dover,73,Warning,No,468,6,2,Yes,Yes,Yes,Yes,No,Yes,No,Yes,No,No,No,0,6,0,3,3
Leas Cliff Hall,https://www.kentvenues.co.uk/venues/leas-cliff-hall,20,Critical,Yes,75,2,2,No,Yes,No,No,No,Yes,No,Yes,Yes,Yes,Yes,1,10,2,5,3
London Beach Country Hotel,https://www.kentvenues.co.uk/venues/leas-cliff-hall-theatre-entertainment-venue,72,Critical,No,371,7,6,No,Yes,Yes,Yes,No,Yes,No,Yes,Yes,Yes,Yes,1,4,1,1,2
Leeds Castle,https://www.kentvenues.co.uk/venues/leeds-castle-2,43,Critical,No,0,24,17,No,Yes,Yes,No,Yes,No,No,No,No,No,No,3,5,3,0,2
Little Hermitage,https://www.kentvenues.co.uk/venues/little-hermitage,37,Critical,No,460,6,0,No,No,No,No,No,Yes,No,Yes,Yes,Yes,Yes,0,8,2,3,3
Little Silver Country Hotel,https://www.kentvenues.co.uk/venues/little-silver-country-hotel,39,Critical,Yes,101,7,2,No,No,Yes,Yes,No,Yes,No,Yes,Yes,Yes,Yes,3,8,2,4,2
London Golf Club,https://www.kentvenues.co.uk/venues/london-golf-club,27,Critical,Yes,113,6,1,No,No,No,No,No,Yes,No,Yes,Yes,Yes,Yes,1,10,2,5,3
Lordswood Leisure Centre,https://www.kentvenues.co.uk/venues/lordswood-leisure-centre-2,91,Suggestions,No,2914,6,3,Yes,Yes,Yes,No,Yes,Yes,No,Yes,Yes,Yes,Yes,3,3,0,0,3
Lost Village of Dode,https://www.kentvenues.co.uk/venues/lost-village-of-dode,51,Critical,No,633,4,0,Yes,No,No,Yes,No,Yes,No,Yes,Yes,Yes,Yes,1,7,1,3,3
Lower Grange Farm,https://www.kentvenues.co.uk/venues/lower-grange-farm,58,Critical,No,479,4,1,No,Yes,Yes,No,No,Yes,No,Yes,Yes,Yes,Yes,0,7,1,2,4
Lympne Castle,https://www.kentvenues.co.uk/venues/lympne-castle,84,Warning,No,4801,9,1,Yes,No,Yes,Yes,Yes,Yes,Yes,Yes,Yes,Yes,Yes,3,3,0,2,1
Lynsted Park,https://www.kentvenues.co.uk/venues/lynsted-park,36,Critical,No,779,3,0,No,No,Yes,No,No,Yes,No,Yes,No,No,Yes,0,9,2,3,4
Maidstone Studios,https://www.kentvenues.co.uk/venues/maidstone-studios,40,Critical,Yes,101,9,3,No,No,Yes,No,No,Yes,No,Yes,Yes,Yes,Yes,1,8,2,3,3
Maison Dieu Guest House,https://www.kentvenues.co.uk/venues/maison-dieu-guest-house,58,Critical,No,1585,4,2,No,Yes,Yes,Yes,No,Yes,No,Yes,Yes,Yes,No,0,7,1,3,3
Margate Football Club,https://www.kentvenues.co.uk/venues/margate-football-club,40,Critical,No,1301,0,0,Yes,No,Yes,No,No,Yes,No,Yes,Yes,Yes,Yes,1,7,2,2,3
Marine Hotel,https://www.kentvenues.co.uk/venues/marine-hotel,64,Critical,No,383,5,5,No,No,Yes,Yes,No,Yes,No,Yes,Yes,Yes,Yes,3,5,1,2,2
Marleybrook House,https://www.kentvenues.co.uk/venues/marleybrook-house,55,Critical,No,1242,6,1,No,No,Yes,Yes,No,Yes,No,Yes,No,Yes,Yes,1,7,1,4,2
Mercure Dartford Brands Hatch Hotel & Spa,https://www.kentvenues.co.uk/venues/mercure-dartford-brands-hatch-hotel-spa,55,Critical,No,509,2,4,No,Yes,Yes,Yes,No,Yes,No,No,Yes,No,Yes,3,7,1,3,3
Hythe Imperial Hotel,https://www.kentvenues.co.uk/venues/mercure-hythe-imperial,98,Suggestions,No,4666,14,16,Yes,Yes,Yes,Yes,Yes,Yes,No,Yes,Yes,Yes,Yes,3,1,0,0,1
Mercure Maidstone Great Danes Hotel,https://www.kentvenues.co.uk/venues/mercure-maidstone-great-danes-hotel,26,Critical,Yes,103,4,2,No,No,No,Yes,No,Yes,No,Yes,Yes,Yes,Yes,3,10,2,5,3
Mercure Tunbridge Wells,https://www.kentvenues.co.uk/venues/mercure-tunbridge-wells,87,Warning,No,2512,5,5,Yes,Yes,Yes,Yes,No,Yes,No,Yes,Yes,Yes,Yes,1,3,0,1,2
Mereworth Wines,https://www.kentvenues.co.uk/venues/mereworth-wines,62,Critical,No,1972,14,0,Yes,Yes,Yes,Yes,No,No,No,No,No,No,No,0,3,2,1,0
MidKent College,https://www.kentvenues.co.uk/venues/midkent-college,55,Critical,No,2092,4,0,Yes,No,Yes,No,No,Yes,No,Yes,Yes,Yes,Yes,2,7,1,2,4
Molland Manor House,https://www.kentvenues.co.uk/venues/molland-manor-house,34,Critical,No,744,2,2,No,No,No,Yes,No,Yes,No,Yes,Yes,Yes,No,0,10,1,6,3
Mount Ephraim Gardens,https://www.kentvenues.co.uk/venues/mount-ephraim-gardens,59,Critical,No,477,5,1,No,No,Yes,Yes,No,Yes,No,Yes,Yes,Yes,Yes,3,6,1,3,2
Mountains Country House,https://www.kentvenues.co.uk/venues/mountains-country-house,70,Warning,No,1561,6,1,Yes,No,Yes,Yes,No,Yes,No,Yes,Yes,Yes,No,3,6,0,4,2
Nayland Rock Hotel,https://www.kentvenues.co.uk/venues/nayland-rock-hotel,42,Critical,No,438,4,2,No,No,No,Yes,No,Yes,No,Yes,Yes,No,No,3,9,1,5,3
Nettlestead Place,https://www.kentvenues.co.uk/venues/nettlestead-place,46,Critical,No,224,3,1,No,No,No,Yes,No,Yes,No,Yes,Yes,Yes,Yes,2,8,1,4,3
Nizels Golf & Country Club,https://www.kentvenues.co.uk/venues/nizels-golf-country-club,28,Critical,Yes,117,9,4,No,No,No,No,No,Yes,No,Yes,Yes,No,No,1,10,2,5,3
North Foreland Golf Club,https://www.kentvenues.co.uk/venues/north-foreland-golf-club,29,Critical,No,280,3,0,No,No,No,No,No,Yes,No,Yes,Yes,Yes,Yes,0,10,2,3,5
Northdown House,https://www.kentvenues.co.uk/venues/northdown-house,38,Critical,No,438,1,0,Yes,No,No,No,No,Yes,No,Yes,Yes,No,No,2,9,1,5,3
Nurstead Court,https://www.kentvenues.co.uk/venues/nurstead-court,78,Warning,No,1090,7,2,Yes,Yes,Yes,No,No,Yes,No,Yes,Yes,Yes,Yes,3,5,0,2,3
Oakley House,https://www.kentvenues.co.uk/venues/oakley-house,43,Critical,Yes,105,4,3,No,Yes,Yes,No,No,Yes,No,Yes,Yes,Yes,Yes,1,8,2,2,4
Oakwood House Hotel,https://www.kentvenues.co.uk/venues/oakwood-house-hotel,34,Critical,Yes,95,6,2,No,No,Yes,Yes,No,Yes,No,Yes,Yes,Yes,Yes,3,8,2,4,2
Odeon Beckenham,https://www.kentvenues.co.uk/venues/odeon-beckenham,60,Warning,No,753,1,1,Yes,Yes,No,No,No,Yes,No,Yes,Yes,Yes,Yes,1,7,0,4,3
Odeon Canterbury,https://www.kentvenues.co.uk/venues/odeon-canterbury,56,Warning,No,743,1,1,Yes,Yes,No,No,No,Yes,No,Yes,Yes,No,No,1,8,0,5,3
Odeon Chatham,https://www.kentvenues.co.uk/venues/odeon-chatham,60,Warning,No,744,1,1,Yes,Yes,No,No,No,Yes,No,Yes,Yes,Yes,Yes,1,7,0,4,3
Odeon Maidstone,https://www.kentvenues.co.uk/venues/odeon-maidstone,56,Warning,No,743,1,1,Yes,Yes,No,No,No,Yes,No,Yes,Yes,No,No,1,8,0,5,3
Odeon Tunbridge Wells,https://www.kentvenues.co.uk/venues/odeon-tunbridge-wells,60,Warning,No,743,1,1,Yes,Yes,No,No,No,Yes,No,Yes,Yes,Yes,Yes,1,7,0,4,3
Odo's Barn,https://www.kentvenues.co.uk/venues/odos-barn,78,Warning,No,951,5,1,Yes,Yes,Yes,Yes,No,Yes,No,Yes,Yes,No,Yes,1,5,0,3,2
One Warwick Park,https://www.kentvenues.co.uk/venues/one-warwick-park-hotel,89,Warning,No,3475,7,5,Yes,No,Yes,Yes,Yes,Yes,Yes,Yes,Yes,Yes,Yes,3,2,0,1,1
Orangery Maidstone,https://www.kentvenues.co.uk/venues/orangery-maidstone,52,Critical,No,1301,10,0,Yes,No,No,No,No,Yes,No,Yes,Yes,Yes,Yes,3,7,1,3,3
The Orchard Suite,https://www.kentvenues.co.uk/venues/orchard-suite,45,Critical,No,889,7,0,No,No,Yes,No,No,Yes,No,Yes,Yes,Yes,Yes,3,7,2,2,3
Orida Hotels Maidstone,https://www.kentvenues.co.uk/venues/orida-hotels-maidstone,61,Critical,No,1172,6,3,No,No,Yes,Yes,No,Yes,No,Yes,No,No,No,2,5,1,3,1
Orpington Golf Centre,https://www.kentvenues.co.uk/venues/orpington-golf-centre,51,Critical,No,700,4,8,No,No,Yes,No,No,Yes,No,Yes,Yes,Yes,No,1,8,1,3,4
Orpington Village Hall,https://www.kentvenues.co.uk/venues/orpington-village-hall,30,Critical,No,253,5,0,No,No,No,No,No,Yes,No,Yes,Yes,No,No,0,10,2,4,4
Otto Bar & Shisha Lounge,https://www.kentvenues.co.uk/venues/otto-bar-shisha-lounge,33,Critical,No,243,4,0,No,No,Yes,No,No,Yes,No,No,Yes,No,No,0,10,2,3,5
Oxon Hoath,https://www.kentvenues.co.uk/venues/oxon-hoath,55,Critical,No,1789,10,1,No,No,Yes,Yes,No,Yes,No,Yes,Yes,No,Yes,3,7,1,4,2
Park Wood Golf Club,https://www.kentvenues.co.uk/venues/park-wood-golf-club,37,Critical,No,424,4,0,No,No,Yes,No,No,Yes,No,Yes,Yes,Yes,Yes,0,9,2,2,5
The Pavilion Folkestone,https://www.kentvenues.co.uk/venues/pavilion-folkestone,92,Warning,No,1198,7,12,Yes,Yes,Yes,Yes,Yes,Yes,No,Yes,No,No,No,0,2,0,1,1
Peerless Palace,https://www.kentvenues.co.uk/venues/peerless-palace,0,Critical,No,0,0,0,No,No,No,No,No,No,No,No,No,No,No,0,10,5,3,2
Penshurst Place & Gardens,https://www.kentvenues.co.uk/venues/penshurst-place-gardens,78,Warning,No,694,4,3,Yes,Yes,Yes,No,No,Yes,No,Yes,Yes,Yes,Yes,1,5,0,1,4
Petts Wood Memorial Hall,https://www.kentvenues.co.uk/venues/petts-wood-memorial-hall,20,Critical,No,318,1,0,No,No,No,No,No,Yes,No,Yes,Yes,Yes,No,0,11,2,5,4
Pierremont Hall,https://www.kentvenues.co.uk/venues/pierremont-hall,28,Critical,No,386,4,0,No,No,No,No,No,Yes,No,Yes,Yes,No,Yes,3,10,2,4,4
Pines Calyx,https://www.kentvenues.co.uk/venues/pines-calyx,86,Warning,No,1675,5,2,Yes,Yes,Yes,No,Yes,Yes,No,Yes,Yes,Yes,Yes,0,4,0,1,3
Polhill Business Centre,https://www.kentvenues.co.uk/venues/polhill-business-centre,44,Critical,No,236,1,4,No,Yes,No,No,No,Yes,No,Yes,No,No,No,3,8,1,4,3
Port Lympne,https://www.kentvenues.co.uk/venues/port-lympne,98,Suggestions,No,3489,18,17,Yes,Yes,Yes,Yes,Yes,Yes,No,Yes,Yes,Yes,Yes,3,1,0,0,1
Port of Dover Cruise Terminals,https://www.kentvenues.co.uk/venues/port-of-dover-cruise-terminals,31,Critical,No,500,1,0,No,Yes,No,No,No,Yes,No,Yes,Yes,Yes,No,1,9,2,4,3
Poult Wood Golf Centre,https://www.kentvenues.co.uk/venues/poult-wood-golf-centre,54,Critical,No,348,2,4,No,Yes,Yes,No,No,Yes,No,Yes,Yes,Yes,No,1,7,1,3,3
Premier Inn Gravesend Central,https://www.kentvenues.co.uk/venues/premier-inn-gravesend-central,12,Critical,No,98,3,0,No,No,No,No,No,No,No,Yes,Yes,Yes,Yes,2,11,2,5,4
Premier Inn Maidstone - A26 Wateringbury,https://www.kentvenues.co.uk/venues/premier-inn-maidstone-a26-wateringbury,40,Critical,No,162,2,2,No,Yes,No,Yes,No,Yes,No,Yes,Yes,No,No,2,9,1,6,2
Preston Court,https://www.kentvenues.co.uk/venues/preston-court,32,Critical,No,193,5,0,No,No,No,No,No,Yes,No,Yes,Yes,Yes,Yes,1,9,2,4,3
Priestfield Stadium,https://www.kentvenues.co.uk/venues/priestfield-stadium,53,Critical,No,2214,1,0,Yes,No,Yes,Yes,Yes,Yes,No,No,No,No,No,1,7,1,3,3
Prince's Golf Club,https://www.kentvenues.co.uk/venues/princes-golf-club,67,Critical,No,494,3,4,No,Yes,Yes,Yes,No,Yes,No,Yes,Yes,Yes,Yes,3,5,1,1,3
Protect Kent,https://www.kentvenues.co.uk/venues/protect-kent,71,Critical,No,1603,0,6,Yes,Yes,Yes,Yes,Yes,Yes,No,Yes,Yes,Yes,No,1,4,1,1,2
Quarterhouse,https://www.kentvenues.co.uk/venues/quarterhouse-2,44,Critical,No,1607,0,0,Yes,No,Yes,Yes,No,Yes,No,Yes,Yes,Yes,Yes,3,6,2,2,2
Qube Dover,https://www.kentvenues.co.uk/venues/qube-dover,36,Critical,No,707,3,0,No,No,Yes,No,No,Yes,No,Yes,Yes,Yes,No,1,9,2,3,4
Queens Head Kingsnorth,https://www.kentvenues.co.uk/venues/queens-head-kingsnorth,59,Critical,No,957,4,4,No,No,Yes,No,Yes,Yes,No,Yes,Yes,Yes,No,2,7,1,2,4
Quex House,https://www.kentvenues.co.uk/venues/quex-house,28,Critical,No,474,3,0,No,No,No,No,No,Yes,No,Yes,Yes,No,No,0,10,2,4,4
"Quex Museum, House & Gardens",https://www.kentvenues.co.uk/venues/quex-museum-house-gardens,53,Critical,No,343,2,1,No,Yes,Yes,No,No,Yes,No,Yes,Yes,Yes,Yes,1,7,1,3,3
Radnor Arms Folkestone,https://www.kentvenues.co.uk/venues/radnor-arms-folkestone,41,Critical,No,440,8,0,No,No,Yes,No,No,Yes,No,Yes,Yes,No,Yes,1,8,2,3,3
Reach Court Farm,https://www.kentvenues.co.uk/venues/reach-court-farm,37,Critical,No,210,5,0,No,No,No,No,No,Yes,No,Yes,Yes,Yes,Yes,0,8,2,3,3
Reads Restaurant,https://www.kentvenues.co.uk/venues/reads-restaurant,58,Warning,No,783,2,2,Yes,No,Yes,Yes,No,Yes,No,Yes,No,No,No,0,7,0,5,2
Red Lion Hotel,https://www.kentvenues.co.uk/venues/red-lion-hotel,58,Critical,No,1264,5,4,No,No,Yes,Yes,No,Yes,No,Yes,No,No,No,2,6,1,3,2
Redlibbets Golf & Country Club,https://www.kentvenues.co.uk/venues/redlibbets-golf-country-club,48,Critical,No,448,4,0,Yes,No,No,Yes,No,Yes,No,Yes,Yes,Yes,Yes,0,8,1,3,4
Regus Dartford,https://www.kentvenues.co.uk/venues/regus-dartford,13,Critical,No,253,2,0,No,No,No,No,No,No,No,Yes,Yes,Yes,No,3,11,2,6,3
Regus Express Clacket Lane,https://www.kentvenues.co.uk/venues/regus-express-clacket-lane,21,Critical,No,460,0,2,No,No,No,No,No,Yes,No,Yes,No,No,No,1,10,2,5,3
Rianos,https://www.kentvenues.co.uk/venues/rianos,86,Warning,No,3424,16,17,Yes,Yes,Yes,Yes,Yes,Yes,No,No,No,No,No,3,4,0,1,3
Ripley Arts Centre,https://www.kentvenues.co.uk/venues/ripley-arts-centre,23,Critical,No,671,1,0,No,No,No,No,No,Yes,No,Yes,Yes,No,No,3,10,2,5,3
The River Centre,https://www.kentvenues.co.uk/venues/river-centre,28,Critical,No,1620,0,0,Yes,No,No,Yes,Yes,No,No,No,No,No,No,0,7,3,2,2
Riverhill Himalayan Gardens,https://www.kentvenues.co.uk/venues/riverhill-himalayan-gardens,55,Critical,No,937,5,1,No,Yes,No,No,No,Yes,No,Yes,Yes,Yes,Yes,1,7,1,3,3
Riverview Manor,https://www.kentvenues.co.uk/venues/riverview-manor,60,Critical,No,1424,5,0,Yes,Yes,No,Yes,No,Yes,No,Yes,Yes,Yes,No,1,6,1,3,2
Rochester Cathedral,https://www.kentvenues.co.uk/venues/rochester-cathedral,32,Critical,No,287,3,0,No,No,No,No,No,Yes,No,Yes,Yes,Yes,Yes,1,9,2,3,4
Rocksalt Folkestone,https://www.kentvenues.co.uk/venues/rocksalt-folkestone,35,Critical,Yes,113,8,2,No,No,Yes,No,No,Yes,No,Yes,Yes,Yes,Yes,3,9,2,4,3
Rodmersham Cricket Club,https://www.kentvenues.co.uk/venues/rodmersham-cricket-club,8,Critical,No,161,0,0,No,No,No,No,No,Yes,No,Yes,Yes,Yes,No,1,11,3,5,3
Romney Bay House Hotel,https://www.kentvenues.co.uk/venues/romney-bay-house-hotel,58,Critical,No,848,2,4,No,Yes,Yes,Yes,No,Yes,No,Yes,Yes,No,Yes,1,6,1,3,2
The Romney at Mote House,https://www.kentvenues.co.uk/venues/romney-mote-house,53,Critical,No,1477,4,0,Yes,No,Yes,No,No,Yes,Yes,Yes,Yes,No,No,1,7,1,3,3
Rosemary Shrager's Cookery School,https://www.kentvenues.co.uk/venues/rosemary-shragers-cookery-school,29,Critical,No,2521,1,0,No,No,Yes,No,No,Yes,No,Yes,No,No,No,0,9,2,4,3
Rowhill Grange & Utopia Spa,https://www.kentvenues.co.uk/venues/rowhill-grange-utopia-spa,49,Critical,No,771,7,0,No,No,Yes,Yes,No,Yes,No,Yes,Yes,Yes,Yes,3,6,2,2,2
Royal Albion Hotel,https://www.kentvenues.co.uk/venues/royal-albion-hotel,44,Critical,No,594,3,0,No,No,Yes,Yes,No,Yes,No,Yes,Yes,Yes,Yes,3,7,2,2,3
Royal Engineers Museum,https://www.kentvenues.co.uk/venues/royal-engineers-museum,43,Critical,No,444,1,2,No,Yes,Yes,No,No,No,No,Yes,Yes,Yes,Yes,0,8,1,4,3
Royal Hotel,https://www.kentvenues.co.uk/venues/royal-hotel,67,Critical,No,643,3,3,No,Yes,Yes,Yes,No,Yes,No,Yes,Yes,Yes,Yes,3,5,1,1,3
Royal Wells Hotel,https://www.kentvenues.co.uk/venues/royal-wells-hotel,59,Critical,No,667,5,2,No,No,Yes,Yes,No,Yes,No,Yes,Yes,Yes,Yes,3,6,1,3,2
Ruffynes Barn,https://www.kentvenues.co.uk/venues/ruffynes-barn,32,Critical,No,861,4,0,No,No,No,No,No,Yes,No,Yes,Yes,Yes,Yes,1,9,2,3,4
Russell Hotel,https://www.kentvenues.co.uk/venues/russell-hotel,40,Critical,No,457,3,0,No,Yes,No,Yes,No,Yes,No,Yes,Yes,No,No,1,8,2,3,3
Saint Ronans,https://www.kentvenues.co.uk/venues/saint-ronans,1,Critical,No,0,2,0,No,No,No,No,No,Yes,No,Yes,No,No,No,0,11,3,5,3
Salomons Estate,https://www.kentvenues.co.uk/venues/salomons-estate-2,82,Warning,No,3604,10,2,Yes,Yes,Yes,Yes,No,Yes,No,Yes,Yes,Yes,Yes,3,4,0,2,2
Salomons Pub & Dining Rooms,https://www.kentvenues.co.uk/venues/salomons-pub-dining-rooms,55,Critical,No,1986,1,2,No,Yes,Yes,No,No,Yes,Yes,Yes,Yes,Yes,Yes,2,6,1,3,2
Sands Hotel Margate,https://www.kentvenues.co.uk/venues/sands-hotel-margate,59,Critical,No,329,4,3,No,No,Yes,Yes,No,Yes,No,Yes,Yes,Yes,Yes,1,6,1,2,3
Sandwich Guildhall,https://www.kentvenues.co.uk/venues/sandwich-guildhall,0,Critical,No,0,2,0,No,No,No,No,No,Yes,No,Yes,Yes,No,No,0,12,3,5,4
SELT Leadership Centre,https://www.kentvenues.co.uk/venues/selt-leadership-centre,10,Critical,No,706,0,0,No,No,No,No,No,Yes,No,Yes,Yes,No,No,0,11,3,4,4
SEVENTEEN Restaurant,https://www.kentvenues.co.uk/venues/seventeen-restaurant,16,Critical,No,1810,0,0,No,No,Yes,Yes,No,No,Yes,No,No,No,No,1,7,4,2,1
Shepherd Neame Brewery,https://www.kentvenues.co.uk/venues/shepherd-neame-brewery,32,Critical,No,281,3,0,No,No,No,No,No,Yes,No,Yes,Yes,Yes,Yes,0,9,2,3,4
Shires Oast @ The Hop Farm,https://www.kentvenues.co.uk/venues/shires-oast-the-hop-farm,65,Critical,No,1792,21,6,No,No,Yes,No,Yes,Yes,No,Yes,No,No,No,0,5,1,2,2
Shorne Village Hall,https://www.kentvenues.co.uk/venues/shorne-village-hall,59,Critical,No,2089,4,0,Yes,Yes,Yes,No,No,Yes,No,Yes,Yes,Yes,No,1,7,1,2,4
Showcase Bluewater,https://www.kentvenues.co.uk/venues/showcase-bluewater,64,Warning,No,654,2,2,Yes,Yes,Yes,No,No,Yes,No,Yes,Yes,Yes,No,1,7,0,4,3
Signature Flight Support Biggin Hill,https://www.kentvenues.co.uk/venues/signature-flight-support-biggin-hill,17,Critical,No,65,1,0,No,No,No,No,No,Yes,No,Yes,Yes,Yes,Yes,1,10,2,5,3
Singleton Barn,https://www.kentvenues.co.uk/venues/singleton-barn-2,71,Critical,No,1082,4,3,No,Yes,Yes,No,Yes,Yes,No,Yes,Yes,Yes,Yes,1,5,1,0,4
Singleton Environment Centre,https://www.kentvenues.co.uk/venues/singleton-environment-centre,66,Critical,No,1434,2,3,No,Yes,Yes,No,Yes,Yes,No,Yes,Yes,Yes,Yes,3,5,1,1,3
Smiths Court Hotel,https://www.kentvenues.co.uk/venues/smiths-court-hotel,57,Critical,No,388,2,2,No,Yes,Yes,Yes,No,Yes,No,Yes,Yes,Yes,Yes,3,6,1,3,2
Solton Manor,https://www.kentvenues.co.uk/venues/solton-manor,65,Warning,No,920,4,2,Yes,No,Yes,Yes,No,Yes,No,Yes,Yes,No,Yes,1,7,0,4,3
Southcliff Hotel,https://www.kentvenues.co.uk/venues/southcliff-hotel,69,Warning,No,1063,3,1,Yes,No,Yes,Yes,No,Yes,No,Yes,Yes,Yes,Yes,1,6,0,3,3
Southern Valley Golf Club,https://www.kentvenues.co.uk/venues/southern-valley-golf-club,64,Critical,No,445,6,3,No,Yes,Yes,No,No,Yes,No,Yes,Yes,Yes,No,1,6,1,2,3
Sprivers Mansion,https://www.kentvenues.co.uk/venues/sprivers-mansion,59,Critical,No,695,5,2,No,Yes,Yes,No,No,Yes,No,Yes,Yes,No,Yes,3,7,1,3,3
Squerryes Court,https://www.kentvenues.co.uk/venues/squerryes-court,46,Critical,No,514,3,2,No,No,Yes,No,No,Yes,No,Yes,Yes,No,No,3,9,1,4,4
St Augustines,https://www.kentvenues.co.uk/venues/st-augustines,40,Critical,No,332,4,0,No,No,Yes,No,No,Yes,No,Yes,Yes,Yes,Yes,0,8,2,2,4
St Augustine's Priory,https://www.kentvenues.co.uk/venues/st-augustines-priory,53,Critical,No,5427,2,0,Yes,No,Yes,Yes,Yes,Yes,No,No,No,No,No,0,7,1,3,3
St Barnabas Church Hall,https://www.kentvenues.co.uk/venues/st-barnabas-church-hall,69,Critical,No,563,8,3,No,Yes,No,Yes,Yes,Yes,No,Yes,Yes,Yes,Yes,0,5,1,1,3
St Clere Estate,https://www.kentvenues.co.uk/venues/st-clere-estate,28,Critical,No,2222,4,0,No,No,No,No,No,Yes,No,Yes,Yes,Yes,No,3,10,2,4,4
St Edmund’s School,https://www.kentvenues.co.uk/venues/st-edmunds-school,58,Critical,No,374,3,1,No,Yes,Yes,No,No,Yes,No,Yes,Yes,Yes,Yes,3,7,1,2,4
St George Hotel,https://www.kentvenues.co.uk/venues/st-george-hotel,76,Critical,No,694,11,16,No,Yes,Yes,Yes,Yes,Yes,No,Yes,Yes,No,No,2,4,1,1,2
St George's Business Park,https://www.kentvenues.co.uk/venues/st-georges-business-park,49,Critical,No,627,2,2,No,Yes,Yes,No,No,Yes,No,Yes,Yes,No,No,2,8,1,4,3
St Julians Club,https://www.kentvenues.co.uk/venues/st-julians-club,45,Critical,No,318,5,0,No,No,Yes,No,No,Yes,No,Yes,Yes,Yes,Yes,1,7,2,2,3
St Martin's Priory,https://www.kentvenues.co.uk/venues/st-martins-priory,41,Critical,No,626,5,0,No,No,Yes,No,No,Yes,No,Yes,No,Yes,No,0,8,2,3,3
St Peters Hall,https://www.kentvenues.co.uk/venues/st-peters-hall,0,Critical,No,15,0,0,No,No,No,No,No,No,No,No,No,No,No,0,11,5,3,3
Stone Lodge B&B,https://www.kentvenues.co.uk/venues/stone-lodge-b-b,28,Critical,No,463,3,0,No,No,Yes,Yes,No,No,No,Yes,No,No,No,0,9,2,4,3
Stonelees Golf Centre,https://www.kentvenues.co.uk/venues/stonelees-golf-centre,83,Warning,No,2173,6,6,Yes,Yes,Yes,Yes,No,Yes,No,Yes,Yes,Yes,No,1,4,0,2,2
Stour Centre,https://www.kentvenues.co.uk/venues/stour-centre,23,Critical,No,72,1,1,No,No,No,No,No,Yes,No,Yes,Yes,No,Yes,2,11,1,7,3
Sun Pier House,https://www.kentvenues.co.uk/venues/sun-pier-house,36,Critical,No,464,4,0,No,No,No,Yes,No,Yes,No,Yes,Yes,Yes,Yes,1,8,2,3,3
Sundridge Park Manor,https://www.kentvenues.co.uk/venues/sundridge-park-manor,28,Critical,No,243,3,0,No,No,No,No,No,Yes,No,Yes,Yes,No,Yes,1,10,2,4,4
Swarling Manor,https://www.kentvenues.co.uk/venues/swarling-manor,32,Critical,No,828,4,0,No,No,No,No,No,Yes,No,Yes,Yes,Yes,Yes,1,9,2,3,4
Tacos Locos,https://www.kentvenues.co.uk/venues/tacos-locos,36,Critical,No,1378,4,0,No,No,Yes,No,No,Yes,No,Yes,Yes,Yes,No,1,9,2,3,4
Taproom Ashford,https://www.kentvenues.co.uk/venues/taproom-ashford,10,Critical,No,341,0,0,No,No,No,No,No,Yes,No,No,Yes,No,No,0,11,3,4,4
Tenterden Town Hall,https://www.kentvenues.co.uk/venues/tenterden-town-hall,0,Critical,No,0,0,0,No,No,No,No,No,Yes,No,Yes,No,No,No,0,12,4,4,4
Tenterden Trout Waters Coombe Farm,https://www.kentvenues.co.uk/venues/tenterden-trout-waters-coombe-farm,41,Critical,No,350,2,1,No,Yes,No,No,No,Yes,No,Yes,Yes,No,Yes,1,9,1,5,3
Thanet Training Centre,https://www.kentvenues.co.uk/venues/thanet-training-centre,0,Critical,No,65,0,0,No,No,No,No,No,Yes,No,No,Yes,No,No,1,12,3,5,4
The Abbey Hotel,https://www.kentvenues.co.uk/venues/the-abbey-hotel,22,Critical,No,283,2,0,No,No,No,Yes,No,Yes,No,Yes,No,No,No,0,10,2,5,3
Annex @ The Grange,https://www.kentvenues.co.uk/venues/the-annex-the-grange,56,Critical,No,2739,10,3,No,Yes,Yes,Yes,No,No,No,Yes,No,No,No,0,6,1,3,2
The Appleyard,https://www.kentvenues.co.uk/venues/the-appleyard,29,Critical,No,410,0,1,No,No,Yes,No,No,Yes,No,Yes,No,No,No,0,9,2,4,3
The Artist's beach House,https://www.kentvenues.co.uk/venues/the-artists-beach-house,63,Warning,No,1366,3,2,Yes,No,Yes,Yes,No,Yes,No,Yes,No,No,No,0,7,0,4,3
The Barn Yard,https://www.kentvenues.co.uk/venues/the-barn-yard,60,Critical,No,478,6,0,Yes,No,Yes,No,No,Yes,No,Yes,Yes,Yes,Yes,3,6,1,2,3
The Beaverwood,https://www.kentvenues.co.uk/venues/the-beaverwood,2,Critical,Yes,81,2,0,No,No,No,No,No,Yes,No,Yes,Yes,Yes,Yes,1,11,3,5,3
The Bell Hotel,https://www.kentvenues.co.uk/venues/the-bell-hotel,39,Critical,Yes,70,7,3,No,No,Yes,Yes,No,Yes,No,Yes,Yes,Yes,Yes,3,7,2,3,2
The Bistro at Lympne Castle,https://www.kentvenues.co.uk/venues/the-bistro-at-lympne-castle,57,Critical,No,1941,9,0,No,Yes,Yes,No,Yes,Yes,No,Yes,Yes,Yes,No,1,6,2,1,3
The Black Horse Inn,https://www.kentvenues.co.uk/venues/the-black-horse-inn,55,Critical,No,806,7,2,No,No,Yes,Yes,No,Yes,No,Yes,Yes,Yes,No,3,7,1,4,2
The Blazing Donkey Country Hotel,https://www.kentvenues.co.uk/venues/the-blazing-donkey-country-hotel,30,Critical,No,501,6,0,No,No,No,No,No,Yes,No,Yes,Yes,No,No,0,10,2,4,4
The Bridge Nucleus,https://www.kentvenues.co.uk/venues/the-bridge-nucleus,32,Critical,No,200,4,0,No,No,No,No,No,Yes,No,Yes,Yes,Yes,Yes,3,9,2,3,4
The Brook Theatre,https://www.kentvenues.co.uk/venues/the-brook-theatre,3,Critical,Yes,78,3,0,No,No,No,No,No,Yes,No,Yes,Yes,Yes,No,2,12,3,5,4
The Bull Hotel,https://www.kentvenues.co.uk/venues/the-bull-hotel,17,Critical,No,0,3,2,No,No,No,Yes,No,Yes,No,Yes,No,No,No,0,11,2,5,4
The Bull's Head Hotel,https://www.kentvenues.co.uk/venues/the-bulls-head-hotel,46,Critical,No,150,4,2,No,No,Yes,Yes,No,Yes,No,Yes,Yes,Yes,Yes,0,9,1,4,4
The Burlington Hotel,https://www.kentvenues.co.uk/venues/the-burlington-hotel,82,Warning,No,1896,6,2,Yes,Yes,Yes,Yes,No,Yes,No,Yes,Yes,Yes,Yes,3,4,0,2,2
The Camden Centre,https://www.kentvenues.co.uk/venues/the-camden-centre,0,Critical,Yes,84,2,0,No,No,No,No,No,Yes,No,Yes,Yes,Yes,No,3,12,3,6,3
The Causeway Hall,https://www.kentvenues.co.uk/venues/the-causeway-hall,3,Critical,Yes,89,3,0,No,No,No,No,No,Yes,No,Yes,Yes,Yes,No,3,12,3,5,4
The Clarendon Royal Hotel,https://www.kentvenues.co.uk/venues/the-clarendon-royal-hotel,60,Critical,No,476,4,3,No,Yes,Yes,Yes,No,Yes,No,Yes,Yes,No,No,0,7,1,2,4
The Climbing Experience,https://www.kentvenues.co.uk/venues/the-climbing-experience,79,Warning,No,875,5,7,Yes,Yes,Yes,No,No,Yes,No,Yes,Yes,No,Yes,0,5,0,2,3
The Conningbrook Hotel,https://www.kentvenues.co.uk/venues/the-conningbrook-hotel,55,Critical,No,693,7,2,No,No,Yes,Yes,No,Yes,No,Yes,Yes,No,Yes,3,7,1,4,2
The Crescent Turner Hotel,https://www.kentvenues.co.uk/venues/the-crescent-turner-hotel,73,Warning,No,384,4,6,Yes,No,Yes,Yes,Yes,Yes,No,Yes,No,No,No,0,6,0,2,4
The Crown Inn Chislehurst,https://www.kentvenues.co.uk/venues/the-crown-inn,76,Critical,No,331,7,4,No,Yes,Yes,Yes,Yes,Yes,No,Yes,Yes,Yes,No,3,4,1,1,2
The Cue Club,https://www.kentvenues.co.uk/venues/the-cue-club,0,Critical,No,0,0,0,No,No,No,No,No,No,No,No,No,No,No,0,10,5,3,2
The Darenth,https://www.kentvenues.co.uk/venues/the-darenth,65,Warning,No,782,4,2,Yes,No,Yes,Yes,No,Yes,No,Yes,Yes,Yes,No,3,7,0,4,3
The Dering Arms,https://www.kentvenues.co.uk/venues/the-dering-arms,63,Critical,No,2287,3,0,Yes,No,Yes,Yes,Yes,Yes,No,Yes,Yes,No,No,2,6,1,2,3
The Drapers Arms,https://www.kentvenues.co.uk/venues/the-drapers-arms,50,Critical,No,585,1,0,Yes,No,Yes,No,No,Yes,No,Yes,Yes,Yes,Yes,0,7,1,3,3
The Dreys,https://www.kentvenues.co.uk/venues/the-dreys,40,Critical,No,944,4,0,No,No,Yes,No,No,Yes,No,Yes,Yes,Yes,Yes,0,8,2,2,4
The Eight Bells Canterbury,https://www.kentvenues.co.uk/venues/the-eight-bells-canterbury,8,Critical,No,550,0,0,No,No,No,No,No,Yes,No,No,No,No,No,1,11,3,4,4
The Engine House Bexley,https://www.kentvenues.co.uk/venues/the-engine-house-bexley,45,Critical,No,727,2,2,No,Yes,No,No,No,Yes,No,Yes,Yes,Yes,Yes,1,8,1,4,3
The Fox Inn,https://www.kentvenues.co.uk/venues/the-fox-inn,35,Critical,No,192,3,0,No,No,Yes,No,No,Yes,No,Yes,Yes,Yes,Yes,1,9,2,3,4
The Friars,https://www.kentvenues.co.uk/venues/the-friars,60,Critical,No,454,7,5,No,Yes,No,Yes,No,Yes,No,Yes,Yes,No,No,3,6,1,3,2
The Gardens Yalding,https://www.kentvenues.co.uk/venues/the-gardens-yalding,74,Warning,No,1832,12,1,Yes,No,Yes,Yes,No,Yes,No,Yes,Yes,Yes,Yes,3,5,0,3,2
The George Vaults,https://www.kentvenues.co.uk/venues/the-george-vaults,56,Warning,No,444,2,2,Yes,No,Yes,No,No,Yes,No,Yes,Yes,No,No,0,8,0,5,3
The Grand Burstin Hotel Folkestone,https://www.kentvenues.co.uk/venues/the-grand-burstin-hotel-folkestone,81,Warning,No,936,5,4,Yes,Yes,Yes,Yes,Yes,No,No,Yes,Yes,Yes,No,3,4,0,2,2
The Grasshooper Inn,https://www.kentvenues.co.uk/venues/the-grasshooper-inn,68,Critical,No,365,5,5,No,Yes,Yes,Yes,No,Yes,No,Yes,Yes,No,Yes,3,5,1,2,2
The Great Hall Barn,https://www.kentvenues.co.uk/venues/the-great-hall-barn,45,Critical,No,1729,2,4,No,No,Yes,Yes,No,Yes,No,Yes,No,No,No,0,8,1,4,3
The Harrow,https://www.kentvenues.co.uk/venues/the-harrow,72,Critical,No,1346,7,7,No,Yes,Yes,No,Yes,Yes,No,Yes,No,No,Yes,1,5,1,1,3
The Hilltop Hotel,https://www.kentvenues.co.uk/venues/the-hilltop-hotel,17,Critical,No,0,2,3,No,No,No,Yes,No,Yes,No,Yes,No,No,No,0,10,2,5,3
The Historic Dockyard Chatham,https://www.kentvenues.co.uk/venues/the-historic-dockyard-chatham,98,Suggestions,No,2553,17,19,Yes,Yes,Yes,Yes,Yes,Yes,No,Yes,Yes,Yes,Yes,3,1,0,0,1
Hop Farm,https://www.kentvenues.co.uk/venues/the-hop-farm,82,Warning,No,3753,13,11,Yes,Yes,Yes,Yes,Yes,No,No,No,Yes,Yes,Yes,3,4,0,1,3
The House Meadow,https://www.kentvenues.co.uk/venues/the-house-meadow,71,Critical,No,842,7,2,No,Yes,Yes,No,Yes,Yes,No,Yes,Yes,Yes,Yes,3,5,1,1,3
The Howard Venue,https://www.kentvenues.co.uk/venues/the-howard-venue,41,Critical,No,444,2,2,No,No,Yes,No,No,Yes,No,Yes,Yes,Yes,No,1,9,1,5,3
The Hub Canterbury,https://www.kentvenues.co.uk/venues/the-hub-canterbury,36,Critical,No,252,1,0,Yes,No,No,Yes,No,No,No,Yes,Yes,Yes,Yes,3,8,1,5,2
The Huddle Workspace,https://www.kentvenues.co.uk/venues/the-huddle-workspace,40,Critical,No,421,0,4,No,Yes,No,No,No,Yes,No,Yes,Yes,Yes,Yes,1,7,2,2,3
The Ian Wright Organisation,https://www.kentvenues.co.uk/venues/the-ian-wright-organisation,51,Critical,No,565,5,2,No,Yes,No,No,No,Yes,No,Yes,Yes,Yes,No,1,8,1,4,3
The Imperial,https://www.kentvenues.co.uk/venues/the-imperial,33,Critical,No,554,6,0,No,No,No,No,No,Yes,No,Yes,Yes,No,Yes,1,9,2,4,3
The Julie Rose Stadium,https://www.kentvenues.co.uk/venues/the-julie-rose-stadium,60,Warning,No,209,2,1,Yes,Yes,No,Yes,No,Yes,No,Yes,Yes,Yes,No,3,7,0,5,2
The King's Hall,https://www.kentvenues.co.uk/venues/the-kings-hall,22,Critical,No,841,0,0,No,No,Yes,Yes,No,Yes,No,Yes,Yes,Yes,No,0,9,3,3,3
The Kings Head Wye,https://www.kentvenues.co.uk/venues/the-kings-head-wye,48,Critical,No,1830,3,0,No,No,Yes,No,Yes,Yes,No,Yes,Yes,Yes,Yes,1,7,2,1,4
The King's School Canterbury,https://www.kentvenues.co.uk/venues/the-kings-school-canterbury,22,Critical,No,83,3,0,No,No,No,No,No,Yes,No,Yes,Yes,Yes,Yes,0,10,2,4,4
The Lodge,https://www.kentvenues.co.uk/venues/the-lodge,0,Critical,Yes,96,0,0,No,No,No,No,No,Yes,No,Yes,Yes,Yes,Yes,1,11,4,4,3
The Manor at Bickley,https://www.kentvenues.co.uk/venues/the-manor-at-bickley,62,Critical,No,832,4,2,No,Yes,Yes,Yes,No,Yes,No,Yes,Yes,Yes,Yes,3,6,1,2,3
The Manor Gardens - Birling Estate,https://www.kentvenues.co.uk/venues/the-manor-gardens-birling-estate,32,Critical,No,568,3,0,No,No,No,No,No,Yes,No,Yes,Yes,Yes,Yes,1,9,2,3,4
The Marquis Of Granby,https://www.kentvenues.co.uk/venues/the-marquis-at-alkham,59,Critical,No,987,7,2,No,No,Yes,Yes,No,Yes,No,Yes,Yes,Yes,Yes,3,6,1,3,2
The Marquis at Alkham,https://www.kentvenues.co.uk/venues/the-marquis-at-alkham-2,41,Critical,No,299,6,0,No,No,Yes,No,No,Yes,No,Yes,Yes,No,No,0,8,2,3,3
The Mary Rose Inn Hotel,https://www.kentvenues.co.uk/venues/the-mary-rose-inn-hotel,58,Critical,No,402,5,4,No,No,Yes,Yes,No,Yes,No,Yes,No,No,No,1,6,1,3,2
The Moat,https://www.kentvenues.co.uk/venues/the-moat,0,Critical,No,0,0,0,No,No,No,No,No,Yes,No,Yes,No,No,No,0,11,4,4,3
The Mulberry Tree,https://www.kentvenues.co.uk/venues/the-mulberry-tree,9,Critical,No,1637,0,0,No,No,Yes,No,No,No,No,Yes,No,No,No,0,10,3,4,3
The Net Centre,https://www.kentvenues.co.uk/venues/the-net-centre,13,Critical,No,270,0,0,No,No,No,No,No,Yes,No,Yes,Yes,No,No,1,10,3,4,3
The New Inn,https://www.kentvenues.co.uk/venues/the-new-inn,26,Critical,No,112,1,0,No,No,Yes,No,No,Yes,No,Yes,Yes,No,No,1,10,2,5,3
The Night Yard,https://www.kentvenues.co.uk/venues/the-night-yard,12,Critical,Yes,84,7,0,No,No,No,No,No,Yes,No,Yes,Yes,Yes,Yes,1,10,3,4,3
"The Oak Barn, Frame Farm",https://www.kentvenues.co.uk/venues/the-oak-barn,87,Warning,No,1984,5,6,Yes,Yes,Yes,No,Yes,Yes,No,Yes,Yes,No,Yes,3,4,0,1,3
The Oak Grove,https://www.kentvenues.co.uk/venues/the-oak-grove,41,Critical,No,370,6,0,No,No,Yes,No,No,Yes,No,Yes,Yes,No,No,0,8,2,3,3
The Old Kent Barn,https://www.kentvenues.co.uk/venues/the-old-kent-barn,52,Critical,No,437,4,0,Yes,No,Yes,No,No,Yes,No,Yes,Yes,Yes,Yes,0,8,1,2,5
The Olympic,https://www.kentvenues.co.uk/venues/the-olympic,40,Critical,No,229,3,0,No,No,Yes,No,No,Yes,No,Yes,Yes,Yes,Yes,3,8,2,2,4
The Orchards Events Venue,https://www.kentvenues.co.uk/venues/the-orchards-events-venue,70,Warning,No,484,4,3,Yes,No,No,Yes,Yes,Yes,No,Yes,Yes,Yes,No,3,6,0,3,3
The Paper Mill,https://www.kentvenues.co.uk/venues/the-paper-mill,21,Critical,No,248,1,0,No,No,No,No,No,Yes,No,Yes,No,No,No,0,10,2,5,3
The Plough and Barn at Leigh,https://www.kentvenues.co.uk/venues/the-plough-and-barn-at-leigh,40,Critical,No,399,4,0,No,No,Yes,No,No,Yes,No,Yes,Yes,Yes,Yes,1,8,2,2,4
The Pond Cafe,https://www.kentvenues.co.uk/venues/the-pond-cafe,59,Critical,No,772,5,0,Yes,Yes,Yes,No,No,Yes,No,No,No,No,No,0,7,1,2,4
The Pound at One Pound Lane,https://www.kentvenues.co.uk/venues/the-pound-at-one-pound-lane,55,Critical,No,460,6,2,No,No,Yes,No,No,Yes,No,Yes,Yes,Yes,Yes,3,7,1,3,3
The Quee Suite,https://www.kentvenues.co.uk/venues/the-quee-suite,87,Warning,No,4263,12,6,Yes,Yes,Yes,No,Yes,Yes,No,Yes,Yes,No,Yes,3,4,0,1,3
The Redstart Inn,https://www.kentvenues.co.uk/venues/the-redstart-inn,49,Critical,No,530,2,2,No,Yes,Yes,No,No,Yes,No,Yes,Yes,No,No,1,8,1,4,3
The Rising Sun,https://www.kentvenues.co.uk/venues/the-rising-sun,48,Critical,No,419,1,3,No,No,Yes,Yes,No,Yes,No,Yes,No,No,No,0,7,1,4,2
The Rochester Corn Exchange,https://www.kentvenues.co.uk/venues/the-rochester-corn-exchange,41,Critical,No,141,1,0,Yes,No,No,Yes,No,Yes,No,Yes,Yes,Yes,Yes,3,8,1,5,2
The Roffen Club,https://www.kentvenues.co.uk/venues/the-roffen-club,48,Critical,No,609,10,6,No,No,No,No,No,Yes,No,Yes,Yes,No,No,0,8,1,4,3
The Royal Oak Hotel,https://www.kentvenues.co.uk/venues/the-royal-oak-hotel,27,Critical,No,646,1,0,No,No,No,Yes,No,Yes,No,Yes,Yes,No,No,3,9,2,5,2
The Salad House,https://www.kentvenues.co.uk/venues/the-salad-house,12,Critical,No,761,0,0,No,No,Yes,No,No,No,No,No,No,No,No,1,8,4,2,2
The Secret Garden,https://www.kentvenues.co.uk/venues/the-secret-garden,63,Critical,No,858,8,1,No,No,Yes,No,Yes,Yes,No,Yes,Yes,Yes,Yes,3,6,1,2,3
The Shurland Hotel,https://www.kentvenues.co.uk/venues/the-shurland-hotel,71,Critical,No,652,4,6,No,Yes,Yes,Yes,Yes,Yes,No,Yes,Yes,No,No,3,5,1,1,3
The Source Bar,https://www.kentvenues.co.uk/venues/the-source-bar,50,Critical,No,396,3,1,No,No,Yes,No,No,Yes,No,Yes,Yes,Yes,Yes,1,8,1,3,4
The Spa Hotel,https://www.kentvenues.co.uk/venues/the-spa-hotel,95,Suggestions,No,2383,16,4,Yes,Yes,Yes,Yes,Yes,Yes,No,Yes,Yes,Yes,Yes,3,2,0,0,2
The Star & Eagle,https://www.kentvenues.co.uk/venues/the-star-eagle,46,Critical,No,275,4,1,No,No,No,Yes,No,Yes,No,Yes,Yes,Yes,Yes,1,8,1,4,3
The Swan Wine Kitchen,https://www.kentvenues.co.uk/venues/the-swan-wine-kitchen,29,Critical,No,385,1,0,No,No,Yes,No,No,Yes,No,Yes,No,No,No,0,9,2,4,3
The Tenterden Club,https://www.kentvenues.co.uk/venues/the-tenterden-club,46,Critical,No,1450,1,6,No,No,Yes,No,No,Yes,No,Yes,Yes,Yes,No,2,8,1,4,3
The Victoria Hotel,https://www.kentvenues.co.uk/venues/the-victoria-hotel,53,Critical,No,350,3,5,No,Yes,Yes,Yes,No,No,No,Yes,Yes,No,No,3,7,1,3,3
The White Bear,https://www.kentvenues.co.uk/venues/the-white-bear,50,Critical,No,711,3,2,No,No,Yes,No,No,Yes,No,Yes,Yes,Yes,Yes,1,8,1,3,4
The White Horse Inn,https://www.kentvenues.co.uk/venues/the-white-horse-inn,68,Critical,No,1015,5,4,No,Yes,Yes,Yes,No,Yes,No,Yes,Yes,Yes,No,1,5,1,2,2
The White Swan,https://www.kentvenues.co.uk/venues/the-white-swan,45,Critical,No,171,4,1,No,No,Yes,No,No,Yes,No,Yes,Yes,Yes,Yes,1,9,1,4,4
The Winding House,https://www.kentvenues.co.uk/venues/the-winding-house,66,Critical,No,711,3,2,No,Yes,Yes,Yes,Yes,Yes,No,Yes,Yes,No,No,0,6,1,2,3
The Woodville,https://www.kentvenues.co.uk/venues/the-woodville,25,Critical,No,398,0,0,No,No,Yes,No,No,Yes,No,Yes,Yes,Yes,Yes,0,8,3,2,3
The Workary Welling,https://www.kentvenues.co.uk/venues/the-workary-welling,23,Critical,No,226,2,0,No,No,No,No,No,Yes,No,Yes,Yes,Yes,No,1,10,2,5,3
The Yarrow,https://www.kentvenues.co.uk/venues/the-yarrow,34,Critical,No,0,4,2,No,No,Yes,Yes,No,Yes,No,Yes,Yes,Yes,Yes,3,8,2,3,3
Three Hills Sports Park,https://www.kentvenues.co.uk/venues/three-hills-sports-park,90,Suggestions,No,3599,4,3,Yes,Yes,Yes,Yes,Yes,Yes,No,Yes,Yes,Yes,Yes,3,3,0,0,3
Tonbridge Castle,https://www.kentvenues.co.uk/venues/tonbridge-castle,0,Critical,No,0,2,0,No,No,No,No,No,Yes,No,Yes,No,No,No,0,12,3,5,4
Tonbridge Grammar School,https://www.kentvenues.co.uk/venues/tonbridge-grammar-school,28,Critical,No,465,3,0,No,No,No,No,No,Yes,No,Yes,Yes,No,No,1,10,2,4,4
Tonbridge School (Events),https://www.kentvenues.co.uk/venues/tonbridge-school-events,32,Critical,No,505,4,0,No,No,No,No,No,Yes,No,Yes,Yes,Yes,Yes,3,9,2,3,4
TOR Spa Retreat,https://www.kentvenues.co.uk/venues/tor-spa-retreat,61,Warning,No,429,4,1,Yes,No,Yes,No,No,Yes,No,Yes,Yes,Yes,No,0,8,0,4,4
Tower House Canterbury,https://www.kentvenues.co.uk/venues/tower-house-canterbury,60,Critical,No,846,6,0,Yes,No,Yes,No,No,Yes,No,Yes,Yes,Yes,Yes,3,6,1,2,3
Town Clerks Office,https://www.kentvenues.co.uk/venues/town-clerks-office,35,Critical,No,300,2,0,No,No,Yes,Yes,No,Yes,No,Yes,Yes,Yes,No,3,8,2,4,2
Travelodge Dartford,https://www.kentvenues.co.uk/venues/travelodge-dartford,27,Critical,No,192,1,2,No,Yes,No,Yes,No,No,No,No,Yes,No,No,1,11,1,7,3
Tudor Barn Eltham,https://www.kentvenues.co.uk/venues/tudor-barn-eltham,98,Suggestions,No,3131,18,11,Yes,Yes,Yes,Yes,Yes,Yes,No,Yes,Yes,Yes,Yes,1,1,0,0,1
Tudor Park Marriott Hotel & Country Club,https://www.kentvenues.co.uk/venues/tudor-park-a-marriott-hotel-country-club,82,Warning,No,743,4,7,Yes,Yes,No,Yes,Yes,Yes,No,Yes,Yes,Yes,Yes,3,4,0,1,3
Turkey Mill,https://www.kentvenues.co.uk/venues/turkey-mill,32,Critical,No,226,3,0,No,No,No,No,No,Yes,No,Yes,Yes,Yes,Yes,3,9,2,3,4
Turner Contemporary,https://www.kentvenues.co.uk/venues/turner-contemporary,58,Critical,No,1148,3,1,No,No,Yes,No,Yes,Yes,No,Yes,Yes,Yes,Yes,2,7,1,2,4
The Two Brewers,https://www.kentvenues.co.uk/venues/two-brewers,22,Critical,No,1086,2,0,No,No,Yes,No,No,No,No,No,No,No,No,1,8,3,3,2
University of Kent,https://www.kentvenues.co.uk/venues/university-of-kent,46,Critical,No,472,2,0,Yes,No,No,Yes,No,Yes,No,Yes,Yes,Yes,Yes,2,7,1,4,2
Upchurch River Valley Golf Club,https://www.kentvenues.co.uk/venues/upchurch-river-valley-golf-club,43,Critical,No,436,0,0,Yes,No,Yes,Yes,Yes,Yes,No,Yes,No,No,No,0,7,2,2,3
Village Hotel Maidstone,https://www.kentvenues.co.uk/venues/village-hotel-maidstone,64,Critical,No,427,3,6,No,Yes,Yes,Yes,No,Yes,No,No,Yes,Yes,Yes,2,6,1,1,4
"Vue Westwood Cross, Thanet",https://www.kentvenues.co.uk/venues/vue-westwood-cross-thanet,35,Critical,No,291,0,1,No,Yes,No,No,No,Yes,No,Yes,Yes,Yes,Yes,1,8,2,3,3
Walpole Bay Hotel,https://www.kentvenues.co.uk/venues/walpole-bay-hotel,55,Critical,No,847,5,2,No,No,Yes,Yes,No,Yes,No,Yes,Yes,Yes,No,3,7,1,4,2
Wards Hotel,https://www.kentvenues.co.uk/venues/wards-hotel,59,Critical,No,667,3,3,No,No,Yes,Yes,No,Yes,No,Yes,Yes,Yes,Yes,3,6,1,2,3
Weald of Kent Golf Course & Hotel,https://www.kentvenues.co.uk/venues/weald-of-kent-golf-course-hotel,57,Critical,No,832,2,2,No,Yes,Yes,Yes,No,Yes,No,Yes,Yes,Yes,Yes,3,6,1,3,2
West Faversham Community Centre,https://www.kentvenues.co.uk/venues/west-faversham-community-centre,82,Warning,No,972,5,2,Yes,Yes,Yes,No,Yes,Yes,No,Yes,Yes,No,Yes,3,5,0,2,3
West Heath Centre,https://www.kentvenues.co.uk/venues/west-heath-centre,30,Critical,No,368,5,0,No,No,No,No,No,Yes,No,Yes,Yes,Yes,No,0,10,2,4,4
West Kent Golf Club,https://www.kentvenues.co.uk/venues/west-kent-golf-club,73,Warning,No,508,3,2,Yes,Yes,Yes,No,No,Yes,No,Yes,Yes,Yes,Yes,1,6,0,2,4
West Malling Golf Club,https://www.kentvenues.co.uk/venues/west-malling-golf-club,63,Critical,No,640,4,3,No,Yes,Yes,No,No,Yes,No,Yes,Yes,Yes,Yes,1,6,1,1,4
Westenhanger Castle,https://www.kentvenues.co.uk/venues/westenhanger-castle,78,Warning,No,2386,19,1,Yes,Yes,Yes,No,No,Yes,No,Yes,Yes,Yes,Yes,2,5,0,2,3
Westerham Golf Club,https://www.kentvenues.co.uk/venues/westerham-golf-club,55,Critical,No,1497,5,2,No,No,Yes,No,No,Yes,No,Yes,Yes,Yes,Yes,3,7,1,3,3
Westgate Hall,https://www.kentvenues.co.uk/venues/westgate-hall,73,Critical,No,1249,7,6,No,Yes,Yes,No,Yes,Yes,No,No,Yes,Yes,Yes,3,5,1,0,4
White Lion Hotel,https://www.kentvenues.co.uk/venues/white-lion-hotel,59,Critical,No,289,4,3,No,No,Yes,Yes,No,Yes,No,Yes,Yes,Yes,Yes,3,6,1,2,3
Whitstable Castle & Gardens,https://www.kentvenues.co.uk/venues/whitstable-castle-gardens,38,Critical,No,330,3,1,No,No,No,No,No,Yes,No,Yes,Yes,Yes,No,3,10,1,5,4
Wilderness Wedding Venue,https://www.kentvenues.co.uk/venues/wilderness-wedding-venue,55,Critical,No,625,13,1,No,No,Yes,Yes,No,Yes,No,Yes,Yes,No,Yes,0,7,1,4,2
Willesborough Windmill,https://www.kentvenues.co.uk/venues/willesborough-windmill,21,Critical,No,1393,0,0,No,No,Yes,No,No,Yes,No,Yes,Yes,No,No,0,9,3,3,3
Winter Gardens Theatre,https://www.kentvenues.co.uk/venues/winter-gardens-theatre,18,Critical,No,191,2,0,No,No,No,No,No,Yes,No,Yes,Yes,No,No,1,11,2,6,3
Winters Barns,https://www.kentvenues.co.uk/venues/winters-barns,32,Critical,No,382,3,0,No,No,No,No,No,Yes,No,Yes,Yes,Yes,Yes,1,9,2,3,4
Wise Wedding Venue,https://www.kentvenues.co.uk/venues/wise-wedding-venue,33,Critical,No,319,5,0,No,No,No,No,No,Yes,No,Yes,Yes,No,Yes,1,9,2,4,3
Woodlands Art Centre,https://www.kentvenues.co.uk/venues/woodlands-art-centre,98,Suggestions,No,2171,13,10,Yes,Yes,Yes,Yes,Yes,Yes,No,Yes,Yes,Yes,Yes,3,1,0,0,1
Woolpack Inn Chilham,https://www.kentvenues.co.uk/venues/woolpack-inn-chilham,68,Warning,No,2378,5,2,Yes,No,Yes,Yes,Yes,No,No,Yes,Yes,Yes,No,3,6,0,4,2
Yoakley House,https://www.kentvenues.co.uk/venues/yoakley-house,13,Critical,No,68,2,0,No,No,No,No,No,Yes,No,Yes,Yes,No,No,1,11,2,6,3